site,hsig1,hsig2,hsig3,hsig4,hsig5,hsig6,hsig7,hsig8,hsig9,hsig10,hsig11,hsig12,hsig13,hsig14,hsig15,hsig16,hsig17,hsig18,hsig19,hsig20,hsig21,hsig22,hsig23,hsig24,hsig25,hsig26,hsig27,hsig28,hsig29,hsig30,hsig31,hsig32,hsig33,hsig34,hsig35,hsig36,hsig37,hsig38,hsig39,hsig40,hsig41,hsig42,hsig43,hsig44,hsig45,hsig46,hsig47,hsig48,hsig49,hsig50,hsig51,hsig52,hsig53,hsig54,hsig55,hsig56,hsig57,hsig58,hsig59,hsig60,hsig61,hsig62,hsig63,hsig64,hsig65,hsig66,hsig67,hsig68,hsig69,hsig70,hsig71,hsig72,hsig73,hsig74,hsig75,hsig76,hsig77,hsig78,hsig79,hsig80,hsig81,hsig82,hsig83,hsig84,hsig85,hsig86,hsig87,hsig88,hsig89,hsig90,hsig91,hsig92,hsig93,hsig94,hsig95,hsig96,hsig97,hsig98,hsig99,hsig100,hsig101,hsig102,hsig103,hsig104,hsig105,hsig106,hsig107,hsig108,hsig109,hsig110,hsig111,hsig112,hsig113,hsig114,hsig115,hsig116,hsig117,hsig118,hsig119,hsig120,hsig121,hsig122,hsig123,hsig124,hsig125,hsig126,hsig127,hsig128,hsig129,hsig130,hsig131,hsig132,hsig133,hsig134,hsig135,hsig136,hsig137,hsig138,hsig139,hsig140,hsig141,hsig142,hsig143,hsig144,hsig145,hsig146,hsig147,hsig148,hsig149,hsig150,hsig151,hsig152,hsig153,hsig154,hsig155,hsig156,hsig157,hsig158,hsig159,hsig160,hsig161,hsig162,hsig163,hsig164,hsig165,hsig166,hsig167,hsig168,hsig169,hsig170,hsig171,hsig172,hsig173,hsig174,hsig175,hsig176,hsig177,hsig178,hsig179,hsig180,hsig181,hsig182,hsig183,hsig184,hsig185,hsig186,hsig187,hsig188,hsig189,hsig190,hsig191,hsig192,hsig193,hsig194,hsig195,hsig196,hsig197,hsig198,hsig199,hsig200,hsig201,hsig202,hsig203,hsig204,hsig205,hsig206,hsig207,hsig208,hsig209,hsig210,hsig211,hsig212,hsig213,hsig214,hsig215,hsig216,hsig217,hsig218,hsig219,hsig220,hsig221,hsig222,hsig223,hsig224,hsig225,hsig226,hsig227,hsig228,hsig229,hsig230,hsig231,hsig232,hsig233,hsig234,hsig235,hsig236,hsig237,hsig238,hsig239,hsig240,hsig241,hsig242,hsig243,hsig244,hsig245,hsig246,hsig247,hsig248,hsig249,hsig250,hsig251,hsig252,hsig253,hsig254,hsig255,hsig256,hsig257,hsig258,hsig259,hsig260,hsig261,hsig262,hsig263,hsig264,hsig265,hsig266,hsig267,hsig268,hsig269,hsig270,hsig271,hsig272,hsig273,hsig274,hsig275,hsig276,hsig277,hsig278,hsig279,hsig280,hsig281,hsig282,hsig283,hsig284,hsig285,hsig286,hsig287,hsig288,hsig289,hsig290,hsig291,hsig292,hsig293,hsig294,hsig295,hsig296,hsig297,hsig298,hsig299,hsig300,hsig301,hsig302,hsig303,hsig304,hsig305,hsig306,hsig307,hsig308,hsig309,hsig310,hsig311,hsig312,hsig313,hsig314,hsig315,hsig316,hsig317,hsig318,hsig319,hsig320,hsig321,hsig322,hsig323,hsig324,hsig325,hsig326,hsig327,hsig328,hsig329,hsig330,hsig331,hsig332,hsig333,hsig334,hsig335,hsig336,hsig337,hsig338,hsig339,hsig340,hsig341,hsig342,hsig343,hsig344,hsig345,hsig346,hsig347,hsig348,hsig349,hsig350,hsig351,hsig352,hsig353,hsig354,hsig355,hsig356,hsig357,hsig358,hsig359,hsig360,hsig361,hsig362,hsig363,hsig364,hsig365,hsig366,hsig367,hsig368,hsig369,hsig370,hsig371,hsig372,hsig373,hsig374,hsig375,hsig376,hsig377,hsig378,hsig379,hsig380,hsig381,hsig382,hsig383,hsig384,hsig385,hsig386,hsig387,hsig388,hsig389,hsig390,hsig391,hsig392,hsig393,hsig394,hsig395,hsig396,hsig397,hsig398,hsig399,hsig400,hsig401,hsig402,hsig403,hsig404,hsig405,hsig406,hsig407,hsig408,hsig409,hsig410,hsig411,hsig412,hsig413,hsig414,hsig415,hsig416,hsig417,hsig418,hsig419,hsig420,hsig421,hsig422,hsig423,hsig424,hsig425,hsig426,hsig427,hsig428,hsig429,hsig430,hsig431,hsig432,hsig433,hsig434,hsig435,hsig436,hsig437,hsig438,hsig439,hsig440,hsig441,hsig442,hsig443,hsig444,hsig445,hsig446,hsig447,hsig448,hsig449,hsig450,hsig451,hsig452,hsig453,hsig454,hsig455,hsig456,hsig457,hsig458,hsig459,hsig460,hsig461,hsig462,hsig463,hsig464,hsig465,hsig466,hsig467,hsig468,hsig469,hsig470,hsig471,hsig472,hsig473,hsig474,hsig475,hsig476,hsig477,hsig478,hsig479,hsig480,hsig481,hsig482,hsig483,hsig484,hsig485,hsig486,hsig487,hsig488,hsig489,hsig490,hsig491,hsig492,hsig493,hsig494,hsig495,hsig496,hsig497,hsig498,hsig499,hsig500
8064,2.062,0.7046,1.849,0.1126,0.3576,0.2494,1.767,0.5233,2.416,0.0652,0.2266,0.4422,0.7175,0.3201,0.6929,0.291,0.159,0.1883,0.5088,0.667,0.2993,0.1948,0.3182,0.1516,0.5988,1.125,2.052,0.3362,0.8567,0.0982,0.2847,0.4177,0.4002,0.1282,0.5007,1.363,3.501,0.1787,0.1666,0.1708,0.9486,0.6696,1.072,0.7868,1.323,0.3595,0.6484,3.448,1.078,0.5717,0.1586,0.1171,0.1931,0.1351,0.1256,0.6003,2.43,1.078,0.0689,0.451,0.2365,1.288,0.3306,0,0.1066,0.4239,0.2034,0.1817,1.079,0.8997,0.1998,0.8494,0.2872,0.125,0.3853,0.7079,1.195,0.1271,0.1302,0.4177,1.379,1.266,1.116,0.3899,0.5042,0.0647,1.842,0.1669,0.2787,0.3272,0.2474,0.2532,0.2148,0.1152,1.807,0.0848,0.2642,0.228,0.4375,0.1363,0.3823,0.9009,0.343,0.2975,0.7485,0.1591,1.004,2.461,0.1241,0.1825,0.062,0.5743,1.368,0.1642,1.553,2.532,0.3752,0.4316,0.0953,0.2627,0.4983,0.5959,0.0869,0.2371,0.076,0.1642,0.1052,0.5992,0.5177,0.1133,0.9084,0.0785,0.8637,1.649,0.119,0.6252,0.0918,0.65,0.1807,0.7126,0.6091,0.6683,0.269,1.762,0.1965,0.4224,1.317,1.051,0.0628,0.7736,0.1179,0.0857,0.0833,0.4512,0.28,0.1049,0.2712,1.36,0.6811,1.593,0.2254,0.551,1.144,2.201,1.424,0.0705,0.6726,0.0383,0.7246,0.0812,0.1547,0.7036,0.0365,0.444,0.5523,0.1473,0.474,0.7498,0.4546,0.1994,0.4139,0.1216,1.167,0.2125,1.905,0.2829,1.03,0.2288,2.363,1.51,0.8678,0.1449,0.3047,1.472,0.2977,0.1445,0.287,0.0587,0.9612,0.297,0.6426,0.1957,0.1141,0.0895,0.09,0.1038,0.2663,1.582,0.1154,2.249,0.47,0.2857,0.7168,0.3517,0.2571,0.2589,1.178,0.1032,0.5385,0.4613,0.2549,0.4757,0.2976,0.4709,0.1431,0.4016,0.2118,0.06,1.264,0.8085,0.5867,0.3178,0.6555,1.169,0.2915,0,0.3351,0.2606,0.1673,0.9442,0.3629,0.3628,0.0994,1.041,0.2086,0.1369,0.7568,0.336,0.3841,0.1191,0.5353,2.228,1.155,0.9037,0.1667,1.206,0.1779,0.2394,0.2655,0.1276,1.726,0.2344,0.8784,2.509,0.7721,0.2487,0.2089,0.8342,0.4998,0.833,0.2599,0.4212,0.5621,1.421,0.1611,0,1.393,0.709,0.093,0.0503,0.3317,0.8584,0.4177,1.092,0.0769,0.1585,0.7909,0.8486,0.4034,0.3908,1.722,0.6272,0.2158,0.424,0.1813,0.1084,1.403,0.2101,0.2233,0.7241,1.255,0.4888,0.1444,1.235,1.409,1.189,0.7247,0.1277,0.7246,0.0924,0.3552,0.5474,0.6403,2.487,0.344,0.3855,0.18,0.4137,0.074,0.0384,0.109,1.256,0.3253,0.049,0.7273,0.3605,0.4507,0.0768,0.2469,0.543,0.2478,0.1595,1.424,0.5832,0.3853,0.1915,0.8957,0.1077,0.1509,1.305,0.4027,0.8347,0.6507,0.4994,0.4146,0.1592,1.075,0.2715,0.9434,0.0592,3.031,0.3109,0.8528,0.1156,1.261,2.307,1.279,0.3162,0.3906,0.2992,0.129,0.5242,0.5246,2.176,1.623,0.4056,0.2701,1.374,0.9268,1.353,1.348,0.2579,0.5511,0.0667,0.0386,1.655,0.551,0.438,0.8564,0.5019,0.2482,0.2199,0.1413,0.0613,0.6781,0.3058,0.3005,0.1495,0.7142,0.0382,0.2623,0.8894,0.9153,0.1995,0.255,0.2099,0.8189,0.1726,0.4942,0.2107,0.2934,0.078,0.1061,1.625,0.1337,1.055,0.1688,0.6958,1.896,1.127,0.5104,0.6104,0.0622,0.0852,0.4198,0.1264,0.3766,0.4172,1.149,0.9153,0.1094,0.8333,0.1715,1.164,0.0428,0.1883,0.7781,1.388,0.9461,0.1699,0.365,0.2567,0,0.0597,0.1177,1.338,0.9881,0.3546,0.6215,0.1384,0.0857,1.305,0.1792,1.14,0.1289,1.641,0,0.9254,0.1752,0.6242,0.6695,0.1812,0.7098,0.5435,0.2733,0.6847,0.1004,0.3453,0.3184,1.183,0.0781,0.1634,0.3329,1.86,0.5185,0.2687,0.2237,0.3406,1.631,0.1831,1.46,0,0.5269,1.414,0.2093,1.058,0.386,0,0.8904,0.4921,0.6915,0.1046,0.4145,0.2575,2.306,0,0.6787,0.317,0.1269,0.2677,0.1038,0.4155,0.9035,1.331,1.034,0.4614,0.1497,0,1.179,2.474
8065,1.809,0.6919,2.616,0.0934,0.3424,0.2185,1.477,0.5093,2.593,0.0544,0.1888,0.3423,0.6236,0.2634,0.6976,0.2602,0.1502,0.1767,0.4302,0.7389,0.2503,0.1337,0.2639,0.1462,0.5315,0.9441,1.71,0.3006,0.9092,0.0868,0.2562,0.2938,0.3182,0.0973,0.4337,1.125,4.047,0.1483,0.1329,0.1339,0.9538,0.5634,0.9124,0.6769,1.104,0.2825,0.6553,3.355,0.9135,0.4802,0.1501,0.091,0.1533,0.1061,0.1082,0.6602,2.059,0.9127,0.0565,0.3827,0.2094,1.06,0.2833,0,0.0896,0.4215,0.1707,0.1718,0.9295,0.9777,0.1491,0.8254,0.2405,0.094,0.2896,0.6011,1.316,0.1055,0,0.3223,1.14,1.523,1.171,0.3355,0.4221,0.0545,1.866,0.1306,0.231,0.2748,0.2246,0.21,0.1845,0.0988,2.163,0.064,0.2249,0.1873,0.3803,0.1251,0.3036,1.038,0.3247,0.2399,0.6423,0.1271,0.8791,2.038,0.1058,0.1577,0.0472,0.5508,1.116,0.1201,1.295,2.915,0.2829,0.3597,0.0851,0.2078,0.4226,0.5934,0.074,0.2201,0.0661,0.143,0.0913,0.5061,0.4441,0.0973,0.7664,0,0.7296,1.379,0.0987,0.6582,0.0779,0.549,0.1406,0.5929,0.4611,0.5214,0.2333,1.485,0.1656,0.3507,1.101,0.8804,0.0518,0.6428,0.1046,0.0738,0.0668,0.3771,0.2167,0.0936,0.213,2.038,0.5736,1.346,0.1781,0.5158,0.9424,2.338,1.871,0.0585,0.7536,0.0291,0.6454,0.0704,0.1325,0.5902,0.0305,0.3704,0.4231,0.1273,0.442,0.7516,0.3887,0.1889,0.3471,0.1036,1,0.159,2.015,0.2274,0.8778,0.1906,2.815,1.75,0.7474,0.1337,0.2653,1.211,0.2405,0.1299,0.2438,0.0463,1.101,0.2494,0.6564,0.167,0.0969,0.0774,0.0752,0.0874,0.1918,1.306,0.0995,2.124,0.3842,0.2421,0.6181,0.2995,0.2154,0.256,0.9876,0.0867,0.4766,0.3638,0.2296,0.3969,0.2775,0.4306,0.1255,0.4003,0.1865,0.0449,1.042,0.9129,0.4938,0.2616,0.5582,0.9758,0.2418,0,0.3241,0.2168,0.1489,1.016,0.3012,0.2855,0.0898,1.025,0.175,0.118,0.6047,0.2994,0.3245,0.0975,0.4523,2.329,0.9502,0.759,0.139,1.016,0.1604,0.1929,0.2203,0.1137,1.451,0.1809,0.9425,2.726,0.658,0.238,0.177,0.9014,0.5314,0.706,0.2177,0.3758,0.4993,1.586,0.1346,0,1.164,0.5927,0.0766,0.0418,0.2755,1.023,0.3774,0.9209,0.0654,0.1273,0.6721,0.5936,0.3915,0.3259,1.431,0.5309,0.1794,0.3583,0.1502,0.0962,1.173,0.1731,0.1787,0.6082,1.052,0.4447,0.1325,1.047,1.831,1.259,0.6168,0.1067,0.6088,0.0789,0.3101,0.4609,0.5585,3.055,0.2902,0.2802,0.1539,0.3172,0.063,0.0317,0.0982,1.361,0.2691,0.0407,0.6188,0.3257,0.4149,0.0581,0.1974,0.5482,0.2024,0.1354,1.785,0.5096,0.3212,0.1526,0.8514,0.088,0.1266,1.088,0.3261,0.8433,0.5511,0.444,0.3476,0.145,0.9041,0.2567,1.097,0.0516,3.141,0.2647,0.9781,0.0945,1.058,1.912,1.327,0.2669,0.3328,0.2364,0.0978,0.4392,0.442,2.277,1.739,0.3431,0.2306,1.15,0.7852,1.131,1.511,0.2119,0.4358,0.0551,0,1.386,0.4621,0.3633,0.6988,0.4784,0.22,0.1753,0.118,0.0524,0.568,0.2589,0.2572,0.1229,0.619,0.0318,0.2,0.9035,1.177,0.1846,0.2278,0.1602,0.6958,0.1444,0.4655,0.1872,0.2433,0.0593,0.0795,1.325,0.116,1.144,0.1486,0.6659,2.307,0.944,0.4493,0.5132,0.0495,0,0.3535,0.108,0.3152,0.3412,1.238,0.7784,0.0965,0.7088,0.1512,1.19,0.0355,0.1569,0.8059,1.176,1.078,0.141,0.3058,0.2073,0,0.0438,0.0961,1.511,0.8397,0.2735,0.5212,0.1282,0.0712,1.064,0.1532,0.955,0.0911,1.802,0,0.7866,0.1575,0.4936,0.5653,0.1588,0.835,0.4563,0.2332,0.576,0.087,0.2926,0.3038,1.01,0.0654,0.1411,0.2795,2.039,0.3902,0.2348,0.1871,0.3262,1.416,0.1595,1.387,0,0.4123,1.661,0.1972,1.02,0.3303,0,0.7735,0.3948,0.5782,0.0889,0.3085,0.2356,2.004,0,0.5781,0.298,0.1081,0.2016,0.0913,0.2827,0.8938,1.185,0.8685,0.3302,0.1283,0,0.9738,3.058
8080,2.68,0.9595,4.368,0.1902,0.4965,0.3352,2.207,0.7905,4.106,0.1411,0.2831,0.4897,0.9312,0.3826,1.098,0.3986,0.2326,0.2747,0.7145,1.144,0.4281,0.1839,0.4929,0.2284,0.763,1.267,2.434,0.4506,1.413,0.1345,0.3831,0.4042,0.457,0.1393,0.6651,1.528,6.387,0.2781,0.1967,0.1925,1.369,0.9429,1.378,1.125,1.75,0.4,1.032,5.033,1.291,0.7808,0.2279,0.1339,0.2286,0.1532,0.1763,1.045,3.004,1.277,0.0859,0.6722,0.3196,1.425,0.5954,0,0.2298,0.663,0.2977,0.266,1.295,1.503,0.2098,1.29,0.4779,0.1375,0.4082,0.9127,2.02,0.2335,0,0.458,1.549,2.476,1.767,0.5188,0.6892,0.1545,2.747,0.1918,0.4606,0.4538,0.3461,0.3929,0.2967,0.1617,3.506,0.0961,0.3603,0.273,0.5742,0.1933,0.4382,1.652,0.5054,0.3452,0.9496,0.1891,1.336,2.762,0.2844,0.3972,0.0732,0.8511,1.486,0.1686,1.799,4.667,0.3976,0.6235,0.131,0.2971,0.7136,0.9305,0.2129,0.3266,0.1017,0.2271,0.1448,0.7732,0.6643,0.1478,1.177,0,1.025,2.07,0.2027,1.044,0.1201,0.9078,0.2013,0.8198,0.6397,0.7175,0.3647,2.2,0.2821,0.6389,1.552,1.265,0.0818,0.8706,0.1599,0.1151,0.1021,0.6444,0.3105,0.1435,0.3066,3.439,0.8255,1.889,0.2624,0.7921,1.249,3.615,3.065,0.1206,1.217,0.0567,0.9462,0.1128,0.2166,0.9761,0.0851,0.7166,0.6064,0.1938,0.6754,1.167,0.5777,0.293,0.555,0.1731,1.382,0.2238,2.899,0.3255,1.329,0.3489,4.558,2.794,1.249,0.2035,0.4107,1.627,0.3508,0.1968,0.3943,0.07,1.737,0.4996,0.9902,0.2733,0.1636,0.1246,0.1386,0.1537,0.2656,1.689,0.1619,3.149,0.5625,0.3969,0.9122,0.4396,0.4335,0.4036,1.572,0.1548,0.7117,0.5254,0.3424,0.7371,0.4307,0.65,0.1918,0.6301,0.286,0.0699,1.383,1.434,0.7133,0.3818,0.8372,1.563,0.3612,0,0.5076,0.3897,0.227,1.547,0.4374,0.4039,0.1377,1.412,0.2979,0.1922,0.8772,0.4483,0.4774,0.15,0.7429,3.489,1.277,1.109,0.2573,1.472,0.2458,0.2862,0.4209,0.1752,2.111,0.2572,1.408,4.286,0.9808,0.3723,0.2672,1.385,0.8481,1.163,0.3268,0.5726,0.7558,2.458,0.2475,0,1.65,0.982,0.1178,0.0837,0.5268,1.645,0.5772,1.37,0.1129,0.1889,1.004,0.8178,0.6123,0.5707,1.965,0.8201,0.3567,0.5775,0.2247,0.1476,1.612,0.2586,0.264,1,1.498,0.6742,0.204,1.33,2.993,1.916,0.9066,0.1941,0.9225,0.134,0.4724,0.7334,0.829,4.946,0.47,0.3897,0.2332,0.4496,0.1076,0.0585,0.1506,2.144,0.3938,0.082,0.9974,0.4993,0.6304,0.0859,0.2916,0.8614,0.3011,0.2049,2.899,0.727,0.557,0.22,1.193,0.1318,0.2214,1.73,0.4728,1.275,0.8523,0.6713,0.5731,0.2237,1.38,0.4,1.734,0.1807,4.846,0.3986,1.553,0.1436,1.743,2.57,2.057,0.5391,0.5488,0.3362,0.1399,0.6519,0.6806,3.485,2.634,0.6566,0.3701,1.651,1.251,1.755,2.356,0.3158,0.6329,0.1016,0,1.962,0.7865,0.5322,0.9221,0.736,0.3342,0.2586,0.2172,0.0848,0.9223,0.536,0.3793,0.184,0.9414,0.0858,0.2848,1.366,1.938,0.2733,0.3428,0.2272,1.161,0.2595,0.7155,0.2845,0.3632,0.0907,0.1147,1.764,0.1836,1.753,0.2272,1.004,3.727,1.346,0.6742,0.8196,0.0771,0,0.574,0.1782,0.5255,0.4991,1.908,1.086,0.1478,1.026,0.233,1.826,0.075,0.2355,1.232,1.791,1.682,0.2649,0.5016,0.299,0,0.0647,0.1456,2.361,1.205,0.3878,0.7518,0.1943,0.138,1.398,0.2488,1.489,0.1274,2.819,0,1.145,0.2382,0.7088,0.8454,0.2466,1.337,0.7773,0.3726,0.8795,0.1347,0.4304,0.4741,1.395,0.1162,0.2228,0.4654,3.138,0.5486,0.3575,0.3171,0.5097,1.969,0.2431,2.133,0,0.5962,2.682,0.2955,1.502,0.5207,0,1.146,0.5755,1.017,0.1494,0.4332,0.3475,2.826,0,0.8605,0.4633,0.181,0.2857,0.1407,0.3844,1.328,1.539,1.34,0.4566,0.212,0,1.314,4.977
8127,0.3466,0.3776,0.4828,0.1122,0.2793,0.2235,0.2078,0.4873,0.4873,0.1724,0.4462,0.4873,0.2056,0.4873,0.4873,0.4873,0.3217,0.3799,0.3039,0.4605,0.1512,0.3302,0.263,0.3149,0.4873,0.2254,0.2448,0.4873,0.4873,0.3307,0.3534,0.4873,0.4873,0.2673,0.2289,0.2494,0.4872,0.15,0.3384,0.3646,0.4873,0.1211,0.2051,0.1127,0.178,0.4873,0.4873,0.4873,0.2393,0.1785,0.293,0.2944,0.4429,0.2805,0.2476,0.4873,0.2743,0.2553,0.3521,0.0806,0.417,0.2416,0.0872,0,0.1242,0.4873,0.2136,0.3475,0.3171,0.4873,0.3773,0.4873,0.1156,0.3029,0.4873,0.1757,0.4873,0.1657,0,0.4873,0.2515,0.4872,0.4873,0.1853,0.1221,0.1207,0.4873,0.3346,0.2655,0.1529,0.4873,0.1825,0.363,0.2102,0.4873,0.295,0.1616,0.3912,0.1813,0.3057,0.4873,0.4873,0.4873,0.4873,0.1933,0.3442,0.3373,0.4873,0.0985,0.0765,0.1848,0.4873,0.2912,0.3282,0.233,0.4873,0.4873,0.1426,0.4513,0.4873,0.0849,0.4873,0.0953,0.2902,0.3413,0.2885,0.2052,0.1553,0.4873,0.294,0.1815,0,0.2208,0.1984,0.093,0.4873,0.2974,0.1151,0.3777,0.1805,0.4873,0.4873,0.3959,0.1966,0.222,0.194,0.2073,0.1934,0.3628,0.2805,0.3427,0.3219,0.3001,0.1838,0.4231,0.4573,0.4308,0.4864,0.1779,0.293,0.4754,0.4873,0.3113,0.4873,0.4873,0.1491,0.4873,0.1608,0.2311,0.4261,0.3582,0.242,0.1709,0.1537,0.4873,0.3204,0.4873,0.4873,0.4873,0.3951,0.0971,0.3379,0.4868,0.397,0.4873,0.4873,0.2057,0.0952,0.4873,0.4873,0.1205,0.2917,0.3915,0.2532,0.4364,0.4343,0.1753,0.3883,0.4873,0.1093,0.4761,0.2284,0.2183,0.406,0.2076,0.203,0.4507,0.2941,0.3983,0.4871,0.4873,0.196,0.1958,0.4873,0.1091,0.4873,0.2209,0.2018,0.4873,0.4873,0.4241,0.1493,0.4873,0.4873,0.3117,0.4873,0.4021,0.3321,0.2412,0.4873,0.1619,0.4873,0.1731,0.1794,0.4873,0,0.4873,0.1535,0.4457,0.4873,0.4873,0.4873,0.3118,0.4873,0.1511,0.3448,0.4873,0.3791,0.4873,0.3016,0.3639,0.4873,0.3237,0.1656,0.0966,0.1836,0.3595,0.4873,0.1744,0.2999,0.235,0.4226,0.4873,0.4873,0.1841,0.4873,0.4221,0.4873,0.4873,0.1302,0.4873,0.4873,0.4873,0.4873,0.1072,0,0.2224,0.1775,0.2249,0.0887,0.1726,0.4873,0.4873,0.1691,0.1654,0.3311,0.1814,0.4873,0.4873,0.1254,0.2801,0.1674,0.143,0.1721,0.3422,0.2935,0.28,0.4212,0.4403,0.2434,0.1957,0.4873,0.3106,0.2635,0.4873,0.4873,0.4873,0.2207,0.1547,0.1799,0.2014,0.1616,0.2016,0.4867,0.1551,0.4873,0.3738,0.4873,0.1666,0.1098,0.2992,0.4872,0.4873,0.2753,0.1163,0.4873,0.4873,0.1868,0.4873,0.4873,0.4858,0.3358,0.4873,0.4812,0.1431,0.4027,0.4873,0.2929,0.1741,0.176,0.4873,0.4873,0.1722,0.4873,0.1545,0.3291,0.1634,0.4873,0.4873,0.0681,0.4873,0.4873,0.4873,0.2985,0.1648,0.4873,0.4872,0.0989,0.2893,0.4873,0.266,0.4873,0.1409,0.4873,0.4873,0.0945,0.1896,0.2075,0.1427,0.1781,0.4873,0.4873,0.4873,0.1829,0,0.2497,0.3405,0.4873,0.254,0.4873,0.4292,0.4329,0.0881,0.4501,0.1668,0.0982,0.4873,0.3214,0.2282,0.1918,0.4045,0.4647,0.4872,0.3409,0.4259,0.3715,0.1249,0.2159,0.4873,0.4397,0.4873,0.2996,0.2363,0.3547,0.2256,0.4873,0.3431,0.4873,0.4873,0.2039,0.4873,0.167,0.1794,0,0.1633,0.2249,0.1437,0.4873,0.4873,0.2574,0.2935,0.2015,0.4488,0.4873,0.187,0.3802,0.4873,0.1719,0.4873,0.1898,0.1289,0.4843,0,0.3732,0.3001,0.4873,0.2181,0.4873,0.1575,0.2964,0.2102,0.2758,0.1986,0.1791,0.3062,0.4873,0,0.2043,0.3829,0.4873,0.4873,0.4462,0.4873,0.1116,0.1745,0.1555,0.2949,0.4873,0.4873,0.3416,0.1806,0.1849,0.163,0.4873,0.4873,0.4873,0.1157,0.4873,0.4863,0.3875,0.4873,0,0.4873,0.4872,0.2951,0.4873,0.2022,0,0.2193,0.4873,0.1496,0.1958,0.4873,0.4192,0.4873,0,0.1754,0.4873,0.394,0.3369,0.2959,0.4873,0.4873,0.3242,0.1808,0.4873,0.4087,0,0.3642,0.4872
8158,6.7,0.0255,0.5413,0.9267,2.611,1.453,2.255,0.8096,0.3221,1.612,1.066,0.5181,1.727,0.6414,0.3658,1.225,1.765,1.549,4.303,0.0382,1.331,0.9514,2.453,1.38,0.0847,0.4012,1.554,0.6144,0.1189,1.812,2.399,0.4729,0.6389,1.401,1.868,0.6564,0.5473,1.294,1.159,1.837,0.0324,1.274,2.07,1.098,2.324,1.259,0.5911,0.1321,0.9514,1.845,2.09,0.9484,3.014,1.329,3.381,0.1159,3.494,0.8466,0.9219,0.9501,2.158,0.5277,1.386,0,1.456,1.354,1.753,2.021,0.7951,0.0527,1.277,0.7974,1.376,1.435,0.3885,1.319,0.0365,1.586,0,1.03,0.6409,0.2336,0.0418,1.401,1.068,1.38,0.0823,1.02,2.581,1.276,1.774,1.744,1.723,1.254,0.2479,1.364,1.175,0.5692,1.302,1.277,0.3504,0.1135,1.225,0.7844,1.223,1.829,6.19,0.7554,1.478,1.411,1.444,0.2237,0.5001,1.055,0.864,0.1641,0.6001,1.423,1.493,0.94,0.8683,0.621,1.385,2.668,1.175,3.188,1.103,1.033,0.52,0.9187,1.658,0,0.6947,2.019,2.115,1.083,1.645,1.084,1.761,0.4006,0.2222,0.1802,1.847,1.544,1.716,2.345,0.848,0.8903,1.305,0.3317,1.223,1.696,1.446,1.993,0.2949,1.458,0.3528,0.2535,0.643,1.291,1.693,0.252,0.211,0.1456,0.1432,2.338,0.437,1.798,1.984,1.611,1.618,3.114,1.412,2.096,0.4379,1.368,0.678,0.1732,0.5244,2.144,0.7664,1.503,0.6361,1.238,0.0209,1.538,2.123,2.287,0.1746,0.1262,1.241,2.159,1.859,0.599,0.265,1.787,1.379,0.7806,0.0704,1.378,0.0526,1.614,1.377,1.776,1.251,1.339,0.6026,0.3271,1.583,0.7177,0.3354,1.607,1.231,0.7687,1.301,1.368,3.293,1.363,0.1653,0.5805,1.892,1.881,1.353,1.503,1.01,0.6731,1.657,1.174,0.4228,0.0662,0.5649,0.4587,1.128,2.306,1.211,0,1.332,1.459,1.845,0.0473,0.8048,1.545,1.565,0.0316,1.166,2.52,0.396,1.702,0.5459,2.42,2.988,0.0658,0.4384,0.7418,2.129,0.8779,2.534,1.719,1.783,2.239,1.901,0.6975,0.0259,0.3211,1.257,1.313,1.256,0.0517,0.9573,1.279,1.161,1.068,0.3395,0.0463,2.245,0,1.047,2.12,2.122,1.406,1.95,0.1159,1.187,0.9635,2.039,1.206,1.235,0.6047,0.9197,1.251,0.9973,1.313,1.45,1.526,0.7794,1.126,0.8556,1.166,1.056,3.195,0.8472,0.183,1.783,0.1819,0.1471,0.0514,0.2389,1.459,0.9829,2.478,1.417,1.434,1.54,0.5408,1.24,0.3926,1.404,0.7969,1.968,1.171,1.767,0.2927,0.4331,1.382,0.9488,0.8501,0.6302,1.098,1.248,0.5201,1.008,1.5,0.1673,0.0879,1.371,1.82,0.0522,0.9803,1.304,2.289,0.5136,0.0723,1.408,0.4659,1.395,1.379,1.192,1.242,0.0627,1.36,0.0976,0.8363,0.0999,1.973,2.295,0.4124,0.3014,1.369,4.537,1.166,1.328,0.6533,0.9262,0.1104,0.0575,1.331,1.438,1.095,1.198,1.986,0.0543,1.018,0.4627,2.365,0,1.318,3.899,0.6625,0.204,1.011,1.893,1.039,1.882,1.33,1.764,1.412,0.6642,1.181,2.284,1.488,0.312,0.0686,0.2387,2.103,1.951,0.7596,1.301,1.758,0.5714,1.891,0.746,1.505,1.642,0.5571,1.302,0.0427,1.422,0.1096,0.1264,0.9102,0.2139,1.595,1.369,0,1.459,1.401,1.228,0.2614,0.0701,0.7117,1.092,0.94,1.854,0.145,1.046,1.134,0.0798,1.373,0.0413,1.534,1.027,0.9042,0,0.652,1.905,0.0504,1.001,0.5508,0.5457,1.986,1.341,0.3629,1.351,1.95,1.168,0.1105,0,1.096,2.092,0.2745,1.117,1.878,0.0888,1.2,1.302,1.059,1.907,0.5685,1.062,0.7933,2.429,1.138,1.456,0.0724,0.2618,1.199,0.8838,1.681,0.9874,1.782,0.3945,0,0.4873,0.2533,2.61,0.0997,1.644,0,1.863,0.546,1.942,1.197,0.4745,1.76,0.618,0,1.071,1.301,1.717,0.167,1.864,0.4353,0.0697,0.0651,1.799,0.3429,2.339,0,0.325,0.3781
8182,3.856,0.9847,1.552,0.5292,1.699,0.84,0.8707,2.158,3.859,1.133,1.484,1.783,0.8176,1.469,1.917,1.788,1.706,1.666,2.572,0.8094,0.6909,1.574,1.379,1.413,1.213,0.3762,0.6559,1.421,1.49,1.495,1.564,1.759,1.762,1.613,0.9666,0.4532,2.326,0.72,1.416,2.068,1.267,0.5271,0.9211,0.3989,0.9812,2.246,2.194,1.883,0.4082,0.8978,1.769,1.122,2.969,1.529,2.786,1.117,1.47,0.3933,0.9167,0.384,1.4,0.4314,0.6758,0,0.9101,2.294,1.052,1.952,0.4259,1.172,1.749,3.037,0.7115,1.576,1.461,0.5808,1.113,0.9841,0,2.315,0.4459,0.8012,0.6191,0.7169,0.4633,0.9319,2.339,1.318,1.513,0.6478,2.042,0.9589,1.045,0.8125,1.149,1.382,0.6225,1.109,0.6339,1.328,1.344,1.415,1.936,1.556,0.5339,1.928,3.956,1.007,0.8975,0.7884,1.418,1.429,0.4955,1.467,0.474,2.05,1.704,0.684,1.148,1.595,0.3329,2.115,0.8845,1.996,1.081,2.447,0.7222,0.4429,1.897,1.031,0.7176,0,0.3126,0.7677,1.424,2.694,1.487,0.4148,2.047,0.2268,1.708,1.695,1.094,0.5975,1.039,1.264,0.4019,0.3605,1.164,0.308,0.8256,1.459,1.38,1.031,1.021,1.074,1.056,1.335,0.2581,0.5802,2.04,1.457,0.4628,1.208,1.312,1.817,1.931,1.642,0.9523,1.262,1.037,1.609,1.075,1.093,1.967,1.468,1.876,1.57,1.718,2.096,0.3229,0.9935,0.5009,1.753,1.24,2.185,0.9581,1.367,2.358,0.9622,0.4593,1.821,1.077,0.4923,0.9998,1.289,0.7407,0.7987,0.6016,0.7067,0.9978,0.9781,0.9016,1.376,0.8133,0.8809,1.409,0.6034,1.089,1.127,1.519,0.8906,0.544,1.657,0.6807,1.708,1.542,0.8986,1.292,1.909,1.198,0.9411,1.882,2.729,1.174,1.609,1.031,1.155,0.438,1.103,0.2241,1.272,0.4923,0.9969,1.854,0,1.974,0.7918,1.268,1.2,1.756,2.518,1.358,1.373,0.6394,1.862,2.308,0.9662,1.537,2.202,1.633,1.242,0.4512,0.2897,1.348,0.3657,2.328,2.088,0.9741,1.799,0.7403,1.295,0.9194,1.404,0.5441,1.657,1.573,1.113,2.15,0.4803,1.673,2.168,1.683,1.19,1.451,0,0.4564,1.006,1.953,1.069,1.033,1.342,2.246,0.36,1.607,1.427,0.5279,2.888,1.868,0.5951,0.5764,0.5887,0.7903,0.7663,1.127,1.151,0.4905,1.525,1.494,1.651,0.3801,1.217,1.695,0.5028,1.167,0.6659,1.855,0.9062,0.3953,1.968,0.7495,0.669,0.7176,1.839,0.6222,1.509,1.6,2.048,1.57,0.9787,1.517,0.7056,1.262,1.051,0.3399,1.717,1.753,1.186,1.735,1.823,1.521,1.62,2.015,1.213,0.6723,2.098,1.419,1.088,0.7843,0.9649,1.597,1.329,0.636,1.729,0.6839,1.476,0.4323,1.687,1.12,0.9154,2.687,1.579,1.307,1.865,0.955,0.9391,0.6853,0.6905,2.93,1.939,1.553,2.134,0.3971,1.18,1.871,0.6279,0.7937,0.4497,0.4348,0.7671,1.383,1.561,1.971,1.966,0,0.565,2.237,1.869,0.3356,2.325,1.18,1.472,1.207,1.083,0.8137,0.7223,1.393,1.365,1.138,1.141,1.004,0.4483,1.83,1.532,1.23,1.283,0.4924,1.089,1.805,1.23,1.452,1.465,1.765,0.6124,0.8361,1.215,1.559,1.345,1.726,0.3812,1.342,0.7418,1.301,0,0.7246,0.9074,0.5954,1.271,1.534,0.3409,1.133,0.3928,1.249,0.5915,0.764,1.429,1.263,0.5042,0.89,0.8975,0.4829,1.519,0,0.7399,1.824,1.152,0.4226,1.552,0.2183,1.636,0.8878,0.4814,0.8051,0.8178,1.517,0.9575,0,0.4563,1.493,1.802,3.173,1.24,1.081,0.5167,0.7019,0.4396,1.656,1.446,1.705,0.4638,1.972,0.6744,0.7573,2.048,1.588,1.7,0.4485,2.284,0.701,1.88,3.255,0,1.961,0.8641,2.091,1.808,0.8669,0,0.8573,1.93,0.8994,0.7757,1.681,1.107,1.026,0,0.4611,1.907,1.158,0.8355,1.612,1.725,1.443,0.5915,0.7635,1.648,1.639,0,0.4822,2.095
8184,0.9252,1.138,2.622,0.0886,0.4852,0.2003,0.6452,1.174,4.312,0.2125,0.5986,1.05,0.2154,0.7311,1.446,0.7298,0.5687,0.5868,0.5686,1.028,0.1236,0.7099,0.255,0.4848,1.134,0.8407,1.128,0.713,1.535,0.4487,0.4139,1.059,0.9462,0.5899,0.2125,1.012,4.462,0.1307,0.5408,0.7432,1.514,0.1638,0.2914,0.2674,0.3328,1.01,1.418,3.858,0.6511,0.167,0.5479,0.4254,0.9666,0.5637,0.784,1.088,0.853,0.7243,0.316,0.1076,0.3612,0.9768,0.089,0,0.1367,0.9983,0.2142,0.65,0.8829,1.429,0.7103,1.989,0.098,0.563,0.8821,0.1957,1.656,0.1677,0,1.145,0.9944,1.572,1.263,0.155,0.1179,0.1532,2.893,0.5193,0.27,0.1216,0.7439,0.1695,0.241,0.1954,2.222,0.4657,0.1292,0.5171,0.1563,0.4638,0.8314,1.548,0.8172,0.732,0.2526,0.6736,0.9893,2.38,0.1198,0.0941,0.4518,1.15,1.144,0.6058,1.007,3.386,0.9243,0.114,0.3327,0.7083,0.1361,1.308,0.1255,0.5768,0.3528,0.6817,0.1822,0.1706,1.176,0.3774,0.2432,0,0.5504,0.6165,0.2972,1.437,0.4729,0.182,0.7505,0.4817,1.336,1.409,0.2581,0.8455,0.2208,0.2079,0.7975,0.561,0.3639,0.7249,0.2216,0.4472,0.4511,0.1806,0.6013,0.3038,0.5862,2.002,0.3553,1.02,0.7672,1.122,1.063,2.495,2.005,0.4446,1.379,0.4511,0.278,0.3586,0.2464,0.3013,0.2246,0.1555,1.306,0.522,1.034,1.44,1.009,0.7016,0.1059,0.2376,1.185,0.7239,2.269,0.8922,0.2734,0.2809,3.449,1.83,0.2898,0.5604,0.2533,1.116,0.619,0.3598,0.1516,0.2804,1.15,0.095,1.092,0.22,0.2117,0.3851,0.1814,0.1986,0.7175,1.356,0.2764,2.581,1.02,0.1821,0.2404,0.8029,0.093,0.6449,0.2956,0.1995,1.076,1.109,0.3153,0.1389,0.7485,1.214,0.4351,0.8393,0.2589,0.379,0.9925,1.309,0.2976,0.6875,0.1974,0.2719,0.7771,0,0.8049,0.1355,0.3407,1.485,0.856,1.086,0.4281,1.635,0.1228,0.495,1.728,0.2376,0.8388,0.688,0.3305,2.516,1.059,0.464,0.2897,0.6625,0.7471,0.7854,0.1646,0.5314,0.7748,0.5981,1.273,2.923,0.2458,0.6297,0.6032,1.337,1.095,0.2507,0.6835,1.022,1.203,1.89,0.3206,0,0.8101,0.1799,0.6074,0.2642,0.1675,1.47,1.025,0.5252,0.4385,0.5356,0.2563,2.085,0.8932,0.0981,1.237,0.1604,0.1273,0.1491,0.4638,0.4001,1.053,0.5984,0.6092,0.3126,0.7308,0.9746,0.56,1.091,1.903,1.352,1.526,0.1948,0.2488,0.5429,0.1711,0.1393,0.2072,3.335,0.1211,0.9129,0.5857,1.072,0.4348,0.2764,0.4733,1.501,0.6975,0.2593,0.2551,0.8133,0.9658,0.4189,0.7009,1.145,0.6357,0.5769,2.373,1.116,0.1122,0.7669,1.531,0.3973,0.1601,0.3279,0.9052,1.44,0.1654,1.089,0.1263,0.5227,0.4311,0.6637,1.447,0.1278,4.141,0.7248,1.449,0.6057,0.3142,2.181,1.495,0.091,0.7032,0.8529,0.5755,1.252,0.1446,2.443,2.459,0.093,0.1684,0.7454,0.3249,0.4166,1.948,0.6569,1.29,0.5304,0,0.9561,0.4513,1.02,0.772,1.168,0.2993,0.601,0.2645,0.3173,0.1616,0.0929,0.6679,0.5061,0.2522,0.2443,0.5718,0.9711,1.713,0.4381,0.3186,0.574,0.2403,0.2215,1.065,0.32,0.6763,0.475,0.6046,1.427,0.2075,1.594,0.559,1.296,2.644,0.6308,1.042,0.1524,0.4143,0,0.1382,0.2159,0.108,0.8774,1.851,0.6523,0.3972,0.3863,0.3278,1.294,0.1756,0.5515,1.352,0.606,1.318,0.1714,0.093,0.6693,0,0.2765,0.5984,1.802,0.5083,0.8379,0.3251,0.4994,0.1916,1.102,0.1804,0.3042,0.5961,1.91,0,0.4043,0.4133,1.375,1.774,0.3184,1.199,0.1223,0.1477,0.2089,0.5119,0.7537,0.7275,1.03,0.537,0.1575,0.1417,2.772,1.155,0.6862,0.0805,0.8914,1.637,0.6572,2.985,0,1.249,1.729,0.6282,1.894,0.1821,0,0.2728,1.164,0.1515,0.1816,0.9935,0.2947,2.406,0,0.2223,0.7774,0.2809,0.5654,0.5001,1.067,1.563,1.295,0.2787,1.089,0.4127,0,1.129,3.46
8187,0.3621,0.9655,2.505,0.0204,0.2027,0.0726,0.2753,0.7567,2.777,0.0299,0.2251,0.667,0.0952,0.3817,1.091,0.3138,0.1963,0.2114,0.1718,0.9126,0.0399,0.1658,0.0659,0.1769,0.9144,0.4412,0.5241,0.4078,1.288,0.1319,0.151,0.6358,0.5395,0.1176,0.082,0.5742,3.178,0.0339,0.1649,0.1676,1.296,0.0636,0.1279,0.1023,0.1306,0.3855,1.003,2.794,0.3595,0.0608,0.1926,0.1157,0.2424,0.1288,0.1876,0.8945,0.394,0.4227,0.0853,0.0408,0.125,0.5475,0.0261,0,0.0209,0.5195,0.0608,0.2247,0.6129,1.253,0.1701,1.421,0.0268,0.1278,0.5606,0.0861,1.507,0.0316,0,0.5639,0.5376,1.622,1.187,0.0591,0.0474,0.0193,2.245,0.1598,0.0624,0.0419,0.2676,0.0444,0.0777,0.0588,2.161,0.0979,0.0452,0.2415,0.0648,0.1585,0.5573,1.318,0.3926,0.3251,0.121,0.1802,0.3508,1.834,0.0174,0.0173,0.0728,0.8916,0.723,0.1345,0.5003,2.627,0.499,0.0397,0.1047,0.2589,0.0526,0.9065,0.0157,0.211,0.103,0.194,0.0578,0.0747,0.8113,0.1225,0.1042,0,0.3091,0.2612,0.0607,0.918,0.1291,0.0711,0.1712,0.2557,1,1.078,0.0885,0.3553,0.0646,0.0584,0.3883,0.2726,0.0903,0.5395,0.0748,0.1227,0.1098,0.0582,0.3807,0.0982,0.3497,1.893,0.1778,0.5756,0.226,0.8562,0.7485,2.25,1.875,0.0804,0.9992,0.0547,0.1277,0.0994,0.0748,0.0994,0.0273,0.0433,0.915,0.1659,0.6665,1.165,0.668,0.2442,0.0437,0.0682,0.9617,0.1831,1.981,0.2717,0.1186,0.0731,2.609,1.792,0.1097,0.1847,0.0897,0.6233,0.4191,0.121,0.0518,0.069,1.131,0.0263,0.9304,0.0688,0.0601,0.1063,0.0446,0.0528,0.2961,0.8214,0.0811,2.337,0.7302,0.0596,0.1161,0.4167,0.0246,0.2735,0.1102,0.0517,0.8445,0.708,0.1174,0.043,0.3219,0.614,0.1515,0.5215,0.0904,0.0723,0.5576,1.143,0.1466,0.4102,0.0898,0.1066,0.3133,0,0.3761,0.039,0.115,1.304,0.4324,0.3809,0.1342,1.384,0.038,0.1378,1.295,0.0923,0.5133,0.1723,0.1077,2.199,0.7612,0.2113,0.0718,0.3024,0.2368,0.2434,0.0421,0.162,0.365,0.2331,1.137,2.534,0.1137,0.2601,0.211,1.169,0.6738,0.0969,0.2662,0.5604,0.8922,1.738,0.0793,0,0.4052,0.0654,0.1306,0.0513,0.0442,1.25,0.5411,0.2296,0.1008,0.1602,0.1178,1.499,0.5105,0.0344,0.7082,0.068,0.0313,0.0539,0.1795,0.1291,0.64,0.2075,0.2175,0.1039,0.3462,0.7546,0.1839,0.6703,1.826,1.283,1.188,0.0503,0.1092,0.1272,0.0662,0.0549,0.0928,2.809,0.0435,0.5647,0.1915,0.5687,0.1003,0.0534,0.1476,1.538,0.4291,0.0496,0.1009,0.4484,0.6199,0.0744,0.2446,0.7981,0.2499,0.1778,2.005,0.8943,0.0381,0.1866,1.276,0.1157,0.0451,0.1283,0.5639,1.219,0.0696,0.7604,0.0453,0.1801,0.181,0.2856,1.293,0.0115,2.821,0.3625,1.24,0.1564,0.1156,1.62,1.506,0.0262,0.2066,0.2992,0.1165,0.8317,0.0625,2.195,2.073,0.0315,0.0573,0.3552,0.1293,0.1677,1.751,0.2642,0.908,0.0995,0,0.4863,0.1345,0.6221,0.5227,0.7052,0.1069,0.2134,0.0657,0.0835,0.0622,0.0256,0.3442,0.1551,0.1014,0.031,0.344,0.9197,1.352,0.1616,0.1157,0.1957,0.0918,0.0589,0.7195,0.1118,0.3377,0.0978,0.1042,0.9612,0.0667,1.414,0.1867,1.064,2.285,0.3139,0.7979,0.0596,0.0796,0,0.0499,0.0641,0.0389,0.6354,1.608,0.3996,0.128,0.1966,0.1088,1.255,0.0326,0.1884,1.147,0.2492,1.215,0.0431,0.0354,0.2542,0,0.0573,0.1558,1.664,0.2674,0.4635,0.1576,0.1678,0.043,0.6767,0.0577,0.1253,0.0984,1.838,0,0.2013,0.1403,1.033,1.148,0.1049,1.024,0.0473,0.0513,0.0909,0.1435,0.4371,0.357,0.732,0.1122,0.0529,0.0471,2.256,0.8412,0.2808,0.0269,0.3838,1.329,0.21,2.232,0,0.8608,1.77,0.2267,1.574,0.0656,0,0.1268,0.777,0.054,0.0523,0.612,0.1154,2.048,0,0.1034,0.3508,0.0794,0.3975,0.1458,0.645,1.32,0.946,0.1176,0.7361,0.1163,0,0.8556,2.756
8191,6.839,0.1648,0.9456,1.061,2.593,1.543,2.797,1.713,1.836,1.848,1.549,1.145,1.917,1.16,1.207,1.858,2.196,2.046,4.676,0.2927,1.528,1.38,2.781,1.801,0.4045,0.5104,1.936,1.155,0.6793,2.068,2.508,1.003,1.255,1.792,2.038,0.7532,1.015,1.471,1.561,2.334,0.2669,1.592,2.442,1.427,2.87,1.969,1.56,0.4173,1.109,2.145,2.422,1.248,3.596,1.712,3.84,0.5833,4.159,0.9589,1.136,1.195,2.29,0.6134,1.692,0,1.688,2.264,1.945,2.497,0.7846,0.4222,1.752,2.109,1.633,1.814,0.8789,1.571,0.3189,1.81,0,1.805,0.7598,0.3493,0.1212,1.552,1.306,1.592,0.6386,1.402,2.945,1.464,2.381,1.988,1.869,1.37,0.4597,1.669,1.309,0.9537,1.429,1.654,0.8374,0.6872,1.962,1.305,1.427,2.281,6.342,0.6436,1.738,1.692,1.741,0.8133,0.5275,1.445,1.067,0.8015,1.158,1.69,1.671,1.442,1.103,1.542,1.617,2.893,1.411,3.518,1.196,1.25,1.266,1.213,2,0,0.8056,2.519,2.383,2.267,1.944,1.371,2.267,0.4808,0.7048,0.6022,1.98,2.004,1.893,2.695,1.052,1.097,1.535,0.2994,1.317,1.967,1.741,2.288,0.655,1.609,0.7266,0.7989,0.7817,1.488,2.245,0.8506,0.1964,0.3107,0.6221,2.673,1.36,2.138,2.043,1.816,1.764,3.532,1.623,2.478,1.14,1.768,1.44,0.7939,1.187,2.658,0.9446,1.651,0.5146,1.724,0.1513,2.178,2.486,2.552,1.05,0.3317,1.613,2.48,1.986,0.697,0.6384,1.945,1.535,0.9655,0.1894,1.644,0.3561,1.762,1.514,1.992,1.393,1.482,1.028,0.3779,1.737,0.5137,0.9071,1.782,1.416,1.364,1.541,1.993,3.854,1.513,0.6382,1.27,1.966,2.237,2.029,2.496,1.368,1.36,1.76,1.416,0.5008,0.4657,0.6904,0.9246,1.341,2.82,1.832,0,2.082,1.669,1.985,0.3987,1.42,2.317,1.836,0.2154,1.314,2.778,1.222,1.76,1.12,2.821,3.313,0.2272,0.4105,0.9394,2.369,1.12,2.989,2.297,2.045,2.514,2.321,1.11,0.2263,0.4726,1.495,1.904,1.744,0.4043,1.914,1.63,1.715,1.895,1.015,0.351,2.495,0,1.276,2.505,2.5,1.596,2.258,0.6869,2.038,1.234,2.307,1.604,1.483,1.532,1.683,1.495,1.137,1.562,1.676,1.743,1.151,1.433,0.9431,1.638,1.526,3.616,1.064,0.6595,2.18,0.2264,0.5296,0.1429,0.8842,1.624,1.218,2.802,1.521,1.689,1.693,0.9483,1.42,0.8698,1.863,1.486,2.233,1.351,2.054,0.2895,0.9002,1.568,1.224,1.516,1.334,1.365,1.787,1.321,1.512,1.931,1.036,0.4019,1.616,2.34,0.3103,1.27,1.449,2.83,1.093,0.4819,1.669,1.163,1.625,1.807,1.515,1.858,0.4588,1.602,0.8561,1.414,0.6204,2.349,2.889,0.3578,0.2691,1.649,4.884,1.768,1.708,1.475,1.125,0.267,0.5541,1.627,1.583,1.358,1.536,2.478,0.4712,1.541,1.194,2.725,0,1.59,4.322,1.354,0.1997,1.95,1.995,1.501,2.093,1.521,2.102,1.699,1.168,1.562,2.507,1.712,0.658,0.0972,1.149,2.268,2.043,1.152,1.661,1.954,1.321,2.006,1.271,1.814,2.044,0.5523,1.408,0.388,1.866,0.5642,0.7214,1.112,0.7306,1.884,1.637,0,1.681,1.533,1.441,0.7368,0.5607,0.7805,1.398,1.122,1.994,0.1678,1.182,1.57,0.5077,1.779,0.2978,1.727,1.218,1.392,0,0.8278,2.283,0.3666,1.187,1.075,0.6734,2.267,1.501,0.3961,1.475,2.393,1.546,0.2719,0,1.314,2.261,0.8843,2.342,2.017,0.5372,1.483,1.441,1.3,2.211,1.103,1.725,0.7632,2.773,1.228,1.659,0.6722,0.7747,1.783,1.023,2.479,0.8008,2.266,1.665,0,1.206,0.3584,2.924,0.5978,1.82,0,2.084,1.265,2.357,1.315,1.031,1.798,0.4635,0,1.278,2.006,1.887,0.451,2.162,0.9207,0.4699,0.0674,2.192,0.8554,2.564,0,0.2817,1.075
8200,7.814,0.1271,0.4133,1.099,2.351,1.511,2.722,1.452,0.8622,1.925,1.444,1.049,1.885,1.102,0.8487,1.68,1.98,1.83,4.754,0.1073,1.547,1.489,2.85,1.593,0.2955,0.4529,1.822,1.056,0.3408,1.976,2.396,1.014,1.184,1.803,2.009,0.6761,0.3718,1.507,1.487,2.317,0.1615,1.593,2.399,1.413,2.863,1.936,1.216,0.1259,1.068,2.148,2.201,1.217,3.557,1.693,3.829,0.3043,4.068,0.9252,1.096,1.205,2.216,0.5414,1.751,0,1.763,1.978,1.965,2.262,0.7979,0.1688,1.773,1.622,1.685,1.785,0.8261,1.545,0.1005,1.877,0,1.742,0.6789,0.1444,0.037,1.536,1.305,1.666,0.3388,1.351,3.042,1.473,2.163,2.036,1.854,1.36,0.1652,1.655,1.309,0.9185,1.41,1.497,0.7426,0.3008,1.74,1.268,1.403,2.195,7.003,0.5709,1.82,1.767,1.772,0.5497,0.4634,1.488,0.9725,0.2294,1.141,1.714,1.587,1.418,1.1,1.236,1.694,2.674,1.334,3.456,1.177,1.229,1.062,1.135,1.966,0,0.7711,2.45,2.447,1.882,1.861,1.363,2.252,0.4413,0.623,0.5515,1.95,1.935,1.903,2.761,0.9702,1.033,1.497,0.2858,1.269,1.891,1.693,2.317,0.6054,1.533,0.6845,0.2911,0.7462,1.424,2.145,0.6029,0.1652,0.1018,0.1906,2.74,0.9801,2.223,1.989,1.765,1.75,3.564,1.693,2.561,0.9743,1.636,1.241,0.4653,1.032,2.409,0.9374,1.642,0.539,1.742,0.057,2.126,2.445,2.597,0.3155,0.1031,1.606,2.305,1.952,0.6148,0.5568,1.846,1.535,0.9523,0.0571,1.697,0.1786,1.756,1.512,1.943,1.413,1.492,1.079,0.3237,1.711,0.4269,0.7485,1.785,1.395,1.276,1.592,1.736,3.864,1.527,0.4387,1.147,1.876,2.297,1.81,2.267,1.26,1.168,1.712,1.426,0.4399,0.1834,0.6607,0.8565,1.318,2.817,1.704,0,1.835,1.702,1.904,0.1616,1.344,2.283,1.71,0.1737,1.329,2.743,0.9573,1.705,1.017,2.771,3.33,0.0688,0.3737,0.8848,2.408,1.047,2.806,2.177,2.101,2.404,2.229,1.107,0.0853,0.1865,1.466,1.679,1.613,0.1659,1.599,1.62,1.592,1.694,0.7752,0.1032,2.531,0,1.191,2.521,2.49,1.623,2.323,0.2966,1.823,1.173,2.304,1.524,1.451,1.364,1.47,1.519,1.047,1.543,1.728,1.743,1.088,1.322,0.8864,1.534,1.446,3.644,0.986,0.4581,1.998,0.199,0.1633,0.0434,0.6404,1.645,1.184,2.799,1.496,1.682,1.666,0.3839,1.423,0.8505,1.723,1.435,2.225,1.366,1.923,0.1598,0.8245,1.597,1.201,1.359,1.16,1.39,1.687,1.056,1.42,1.801,0.3998,0.3048,1.64,2.304,0.2401,1.213,1.466,2.824,0.9978,0.2471,1.649,0.9598,1.633,1.635,1.465,1.647,0.1568,1.68,0.258,1.304,0.2668,2.277,2.927,0.2961,0.1629,1.702,4.978,1.738,1.72,1.273,1.108,0.085,0.2167,1.67,1.579,1.274,1.509,2.442,0.1505,1.443,1.003,2.774,0,1.494,4.393,1.227,0.1708,1.696,1.931,1.425,2.122,1.483,2.101,1.758,1.096,1.474,2.469,1.782,0.6251,0.0376,0.6237,2.094,1.965,1.158,1.657,1.981,1.107,1.934,1.185,1.802,2.077,0.4869,1.384,0.1429,1.709,0.3338,0.2095,1.044,0.5279,1.877,1.64,0,1.684,1.524,1.452,0.5987,0.2293,0.7657,1.292,1.089,1.929,0.0775,1.216,1.467,0.2507,1.727,0.0898,1.764,1.224,1.355,0,0.8455,2.207,0.1074,1.148,1.041,0.6385,2.097,1.53,0.3443,1.469,2.36,1.623,0.0849,0,1.276,2.151,0.7046,2.022,1.963,0.2277,1.492,1.437,1.273,2.121,1.018,1.526,0.7779,2.798,1.216,1.67,0.2355,0.6628,1.626,1.038,2.212,0.8476,2.101,1.018,0,1.037,0.1504,2.674,0.3615,1.808,0,2.049,1.104,2.401,1.314,0.9841,1.695,0.3988,0,1.253,1.784,1.876,0.393,2.057,0.9674,0.2599,0.0658,2.154,0.8066,2.543,0,0.2461,0.3655
8201,6.563,0.0682,0.6126,1.119,2.759,1.719,3.134,1.179,0.8849,1.846,1.223,0.7099,2.266,0.8011,0.706,1.451,1.948,1.744,4.708,0.1322,1.68,1.029,2.971,1.552,0.1869,0.5466,2.14,0.8107,0.3266,1.977,2.677,0.6098,0.8179,1.506,2.344,0.8361,0.6015,1.572,1.282,1.974,0.1139,1.736,2.82,1.528,3.178,1.413,1.001,0.2096,1.283,2.401,2.272,1.04,3.267,1.438,3.703,0.2984,4.542,1.113,1.007,1.287,2.437,0.6724,1.784,0,1.727,1.728,2.079,2.227,0.9432,0.1897,1.381,1.318,1.74,1.547,0.5361,1.805,0.1445,1.87,0,1.215,0.8342,0.2217,0.0602,1.777,1.446,1.601,0.2838,1.131,3.102,1.628,1.999,2.128,2.019,1.44,0.2718,1.47,1.467,0.6954,1.673,1.425,0.5135,0.3373,1.513,0.9262,1.673,1.981,6.015,0.7265,1.78,1.749,1.557,0.4493,0.5863,1.138,1.166,0.3999,0.749,1.852,1.639,1.066,1.192,1.009,1.641,2.886,1.283,3.507,1.258,1.422,0.7848,1.026,2.273,0,0.9282,2.807,2.428,1.617,1.787,1.491,1.891,0.5324,0.3645,0.3009,2.173,2.178,2.025,2.913,1.155,1.226,1.42,0.3478,1.371,1.847,1.567,2.518,0.4138,1.608,0.4768,0.4627,0.8874,1.719,1.849,0.4808,0.2129,0.1698,0.3236,2.607,0.8672,1.964,2.478,1.771,1.862,3.871,1.585,2.655,0.6609,1.513,0.971,0.4046,0.7574,2.367,1.049,1.719,0.6201,1.344,0.0694,1.683,2.875,2.701,0.5189,0.1782,1.726,2.347,2.203,0.7635,0.3975,1.968,1.71,0.8523,0.0989,1.749,0.1599,1.896,1.581,1.956,1.44,1.539,0.7039,0.404,1.786,0.5164,0.5339,1.964,1.671,0.9535,1.639,1.63,4.199,1.568,0.3299,0.7931,2.126,2.414,1.609,1.829,1.142,0.9814,1.902,1.266,0.5427,0.2183,0.782,0.6185,1.55,3.13,1.4,0,1.632,1.807,2.055,0.177,0.983,1.699,1.706,0.0898,1.437,2.798,0.6622,2.001,0.7407,2.62,3.642,0.1107,0.4678,1.031,2.47,1.22,2.757,1.889,2.185,2.443,2.637,0.8063,0.0983,0.2947,1.733,1.55,1.419,0.1818,1.412,1.765,1.338,1.358,0.5911,0.1622,2.589,0,1.426,2.782,2.295,1.564,2.419,0.3448,1.486,1.346,2.244,1.331,1.709,0.8549,1.239,1.633,1.282,1.782,1.78,1.958,0.9056,1.246,1.081,1.316,1.197,3.955,1.164,0.3579,1.954,0.2383,0.2801,0.0717,0.4546,1.701,1.368,2.726,1.751,1.905,2.013,0.5819,1.592,0.5271,1.561,0.9703,2.162,1.283,1.924,0.2184,0.5962,1.537,1.323,1.101,0.8962,1.18,1.403,0.8663,1.165,1.651,0.5184,0.1867,1.772,1.962,0.1344,1.08,1.546,3.13,0.7013,0.2187,1.904,0.7277,1.81,1.542,1.661,1.486,0.2155,1.603,0.3947,1.034,0.302,2.135,3.144,0.3876,0.2184,1.751,4.805,1.306,1.428,0.9276,1.274,0.1405,0.2457,1.739,1.758,1.507,1.668,2.745,0.2158,1.183,0.7026,2.601,0,1.793,4.461,0.8819,0.2188,1.374,2.162,1.176,2.174,1.458,2.347,1.799,0.8302,1.307,2.914,1.669,0.4225,0.0581,0.6523,2.279,2.209,0.8573,1.793,2.064,0.8685,2.132,0.9214,1.622,1.757,0.6184,1.492,0.1738,1.583,0.2684,0.3571,1.246,0.3999,2.12,1.48,0,1.883,1.61,1.599,0.4274,0.2543,0.9156,1.211,1.3,2.082,0.1153,1.174,1.277,0.2338,1.928,0.1367,1.828,1.357,1.035,0,0.711,2.062,0.1709,1.375,0.7013,0.7543,2.159,1.538,0.432,1.598,2.678,1.249,0.145,0,1.52,2.306,0.4707,1.514,2.124,0.2662,1.617,1.611,1.468,2.074,0.7489,1.332,0.9148,2.672,1.343,1.836,0.3035,0.4201,1.402,1.129,1.991,0.9735,1.961,0.8365,0,0.7189,0.2306,2.823,0.2696,2.054,0,2.475,0.7788,2.564,1.378,0.6344,1.955,0.506,0,1.479,1.572,1.952,0.2576,2.027,0.5542,0.2093,0.0698,2.472,0.4904,2.629,0,0.3149,0.5983
8220,7.364,0.0247,0.73,1.081,2.283,1.492,2.861,0.6555,0.2733,1.773,0.9241,0.3633,1.907,0.4966,0.2833,1.051,1.601,1.394,4.326,0.0486,1.515,0.8436,2.594,1.249,0.0532,1.194,2.325,0.4832,0.0935,1.733,2.268,0.3215,0.472,1.338,1.965,1.455,1.052,1.452,1.045,1.731,0.0286,1.681,2.39,1.665,2.789,1.048,0.4827,0.503,1.548,2.069,1.903,0.8696,2.844,1.249,3.267,0.0939,3.758,1.459,0.8712,1.348,2.093,1.326,1.701,0,1.653,1.16,1.856,1.825,1.282,0.0569,1.166,0.6287,1.621,1.362,0.266,1.643,0.069,1.756,0,0.7994,1.462,0.5648,0.1552,1.538,1.406,1.557,0.0629,0.9097,2.741,1.462,1.578,1.919,1.77,1.309,0.6269,1.328,1.311,0.4578,1.448,1.162,0.2424,0.1083,1.048,0.6298,1.55,1.7,6.496,1.638,1.704,1.672,1.453,0.1595,1.288,0.966,1.714,0.418,0.4392,1.683,1.444,0.7893,1.305,0.5043,1.589,2.426,1.115,3.04,1.142,1.384,0.3772,0.8322,2.019,0,1.272,2.648,2.244,0.9284,1.568,1.555,1.65,1.046,0.1332,0.1048,1.871,2.308,1.803,2.536,1.63,1.547,1.278,0.9183,1.224,1.632,1.395,2.185,0.2075,1.421,0.2567,0.4536,1.173,1.983,1.529,0.1793,0.885,0.5372,0.3045,2.431,0.3922,1.889,2.017,1.586,1.66,3.268,1.548,2.366,0.2917,1.248,0.5306,0.1239,0.3841,1.928,1.108,1.553,1.201,1.119,0.0489,1.356,2.416,2.409,0.3506,0.3901,1.824,1.992,1.883,1.445,0.186,1.712,1.508,0.7435,0.223,1.634,0.043,1.679,1.439,1.747,1.34,1.418,0.4707,1.19,1.602,1.309,0.2286,1.72,1.53,0.6045,1.539,1.212,3.556,1.448,0.1079,0.4128,1.814,2.155,1.175,1.234,0.9045,0.5693,1.653,1.168,1.228,0.0736,1.078,0.3412,1.459,2.721,1.03,0,1.154,1.635,1.787,0.0516,0.6299,1.321,1.47,0.0261,1.311,2.472,0.2539,1.693,0.4069,2.312,3.069,0.2435,1.144,1.395,2.229,1.63,2.315,1.541,1.975,2.118,2.535,0.5729,0.0362,0.8451,1.607,1.16,1.113,0.0537,0.8404,1.811,0.999,0.8651,0.2394,0.1059,2.333,0,1.793,2.391,2.069,1.478,2.172,0.1185,0.9742,1.655,2.039,1.096,1.607,0.3829,0.7719,1.519,1.817,1.614,1.647,1.709,0.6704,1.034,1.587,1.027,0.9157,3.342,1.614,0.1251,1.631,0.9353,0.339,0.1875,0.1511,1.557,1.424,2.455,1.504,1.693,1.707,0.8246,1.427,0.2664,1.267,0.5973,1.963,1.209,1.657,0.7038,0.3196,1.454,1.498,0.694,0.4884,1.076,1.088,0.4264,0.86,1.371,0.2094,0.0544,1.611,1.692,0.0358,0.9001,1.414,2.755,0.371,0.0559,1.7,0.3433,1.615,1.248,1.822,1.086,0.0896,1.568,0.2006,0.6821,0.0975,1.871,2.86,1.287,0.7562,1.643,4.503,0.9889,1.264,0.4768,1.27,0.4303,0.0677,1.644,1.543,1.835,1.783,2.561,0.0928,0.8652,0.3147,2.408,0,2.067,3.991,0.4912,0.818,0.8175,1.856,0.9009,1.972,1.32,2.053,1.685,0.5267,1.073,2.392,1.621,0.2225,0.2756,0.2478,1.936,1.889,0.6426,1.829,1.863,0.4451,1.841,0.603,1.478,1.612,1.378,1.338,0.0558,1.287,0.0742,0.2813,1.588,0.144,1.862,1.36,0,1.659,1.455,1.46,0.1761,0.0714,1.277,1,1.389,1.815,0.5388,1.135,1.005,0.0626,2.102,0.0789,1.671,1.28,0.7575,0,0.621,1.802,0.1126,1.492,0.4044,1.095,1.838,1.44,1.163,1.428,2.382,1.117,0.387,0,1.546,1.989,0.1728,0.839,1.851,0.091,1.56,1.423,1.458,1.816,0.4326,0.9097,1.379,2.442,1.206,1.626,0.1005,0.1642,1.034,1.072,1.462,1.47,1.618,0.2684,0,0.3335,0.6224,2.358,0.0665,1.763,0,2.077,0.3855,2.279,1.265,0.3282,1.666,1.382,0,1.424,1.123,1.753,0.1093,1.765,0.2903,0.0512,0.5816,2.196,0.2213,2.329,0,1.039,0.68
8230,3.023,7.00E-04,0.1889,0.4628,1.008,0.6959,1.339,0.1429,0.0454,0.685,0.2045,0.0466,1.024,0.0792,0.059,0.2412,0.472,0.3795,1.891,0.0056,0.7166,0.0861,1.205,0.3521,0.0036,0.2015,0.8862,0.0934,0.0145,0.5834,0.9822,0.0198,0.0644,0.2972,1.01,0.3447,0.1874,0.6489,0.2415,0.4038,0.0014,0.7524,1.257,0.6447,1.366,0.1473,0.1071,0.0412,0.5797,1.042,0.6319,0.2016,0.7848,0.286,1.088,0.0169,1.999,0.5071,0.2416,0.5581,0.9003,0.2673,0.7747,0,0.6975,0.274,0.8261,0.5405,0.475,0.0068,0.2033,0.1347,0.7493,0.3304,0.0276,0.804,0.0071,0.743,0,0.1016,0.3343,0.0812,0.012,0.7677,0.6317,0.6222,0.0051,0.1979,1.236,0.6993,0.4096,0.8813,0.7907,0.5381,0.0847,0.3503,0.6214,0.0795,0.7409,0.3207,0.0339,0.0177,0.2441,0.0972,0.7625,0.4469,2.53,0.3263,0.7342,0.7452,0.3901,0.0293,0.2423,0.1607,0.467,0.0498,0.0443,0.8039,0.517,0.1266,0.5134,0.1112,0.664,0.917,0.3344,1.112,0.4638,0.6293,0.0676,0.2137,1.005,0,0.4157,1.201,0.8953,0.2187,0.4803,0.6419,0.3691,0.218,0.0084,0.0046,0.8629,0.8891,0.7984,1.219,0.4711,0.5225,0.3906,0.1624,0.4896,0.5247,0.3993,1.072,0.0272,0.5288,0.0358,0.0838,0.3881,0.7749,0.355,0.0331,0.0845,0.0484,0.0431,0.8472,0.0922,0.5497,1.141,0.5564,0.7014,1.641,0.5557,1.13,0.0377,0.3318,0.1092,0.0207,0.0673,0.5673,0.4581,0.6341,0.3325,0.188,0.0031,0.2506,1.281,1.06,0.0473,0.042,0.7284,0.6645,0.8887,0.303,0.0286,0.6585,0.7193,0.1979,0.0224,0.7549,0.0047,0.7444,0.5882,0.622,0.5393,0.5751,0.0371,0.146,0.6349,0.2793,0.0348,0.8137,0.7666,0.1052,0.7047,0.3129,1.818,0.5866,0.0151,0.0587,0.8023,1.039,0.2821,0.2547,0.2296,0.132,0.7292,0.3156,0.2063,0.0103,0.3407,0.0545,0.6947,1.354,0.2132,0,0.2774,0.76,0.7221,0.0058,0.1014,0.1972,0.471,7.00E-04,0.5998,0.9307,0.0329,0.8248,0.0682,0.7043,1.509,0.0187,0.2074,0.4264,0.9383,0.4948,0.7159,0.3611,0.9094,0.7387,1.154,0.0833,0.0029,0.1106,0.7789,0.2939,0.2647,0.0064,0.2046,0.7546,0.2172,0.1789,0.043,0.0111,0.9674,0,0.6039,1.208,0.6106,0.5236,1.017,0.0203,0.2064,0.5558,0.707,0.2608,0.7647,0.0336,0.1762,0.71,0.5496,0.7885,0.747,0.8448,0.1451,0.2867,0.4794,0.2328,0.1924,1.679,0.4733,0.0207,0.4857,0.0792,0.0462,0.0152,0.0187,0.6562,0.5969,0.8478,0.7494,0.835,0.9158,0.1871,0.687,0.0216,0.3215,0.0705,0.6726,0.3873,0.5388,0.1041,0.0517,0.5144,0.5588,0.1481,0.0982,0.2574,0.2297,0.0949,0.1785,0.3606,0.035,0.0035,0.767,0.3899,0.0013,0.2276,0.6149,1.345,0.0549,0.0063,0.8425,0.0651,0.7842,0.3377,0.7015,0.266,0.012,0.6394,0.0224,0.1369,0.0155,0.5488,1.337,0.1598,0.1077,0.7585,1.829,0.1542,0.2752,0.0825,0.5618,0.0354,0.0071,0.7572,0.7302,0.6332,0.7061,1.181,0.0109,0.1791,0.0459,0.7838,0,0.7726,1.829,0.0798,0.0876,0.1752,0.8268,0.1883,0.8203,0.4416,1.025,0.7777,0.0952,0.2635,1.276,0.5778,0.0272,0.0213,0.0548,0.7458,0.8367,0.0972,0.7662,0.8067,0.0925,0.7863,0.1158,0.4084,0.3843,0.2616,0.5589,0.0062,0.3395,0.0092,0.0358,0.532,0.0229,0.9284,0.3827,0,0.8142,0.6024,0.6941,0.0262,0.0087,0.4285,0.2741,0.5864,0.7464,0.0495,0.4114,0.2352,0.0081,0.7963,0.0089,0.7348,0.5924,0.1301,0,0.1432,0.5219,0.0125,0.6203,0.0471,0.3221,0.6247,0.5734,0.1668,0.6341,1.169,0.1946,0.0364,0,0.6834,0.7789,0.0193,0.1529,0.7752,0.015,0.704,0.6773,0.6449,0.5819,0.0738,0.214,0.4588,0.8192,0.5339,0.7821,0.0116,0.0151,0.2362,0.4855,0.3578,0.5389,0.4394,0.0445,0,0.0474,0.088,0.8313,0.0056,0.8728,0,1.133,0.059,1.112,0.5163,0.0323,0.7437,0.2435,0,0.6647,0.2659,0.7086,0.0121,0.5686,0.0126,0.0046,0.0232,1.086,0.017,0.9197,0,0.1376,0.1244
8235,0.6622,0.9281,1.86,0.0327,0.4083,0.1783,0.2695,0.7114,2.982,0.0144,0.2528,0.6687,0.3898,0.4435,0.9463,0.3411,0.1544,0.1858,0.2275,0.9338,0.1145,0.2732,0.1046,0.1491,0.8365,0.3148,0.3132,0.4148,1.099,0.0822,0.2461,0.7115,0.5731,0.115,0.2871,0.4155,2.798,0.0583,0.1763,0.156,1.214,0.1568,0.3636,0.1662,0.2076,0.4631,0.9101,2.108,0.419,0.2052,0.1553,0.124,0.1861,0.1224,0.0933,1.234,0.5314,0.461,0.0649,0.1133,0.1834,0.4018,0.0886,0,0.0268,0.525,0.0875,0.1766,0.6555,1.114,0.1979,1.277,0.0796,0.1293,0.6445,0.2725,1.439,0.0331,0,0.6622,0.3639,1.711,1.155,0.2208,0.1498,0.0145,2.225,0.1841,0.0827,0.1351,0.2521,0.0818,0.1268,0.0666,1.629,0.0825,0.1366,0.2562,0.2714,0.1327,0.5534,1.127,0.4225,0.3906,0.3452,0.1569,0.56,1.416,0.0333,0.0517,0.0501,0.7807,0.2164,0.1619,0.2991,2.101,0.548,0.1338,0.0778,0.2924,0.1228,0.8393,0.0224,0.2321,0.069,0.1205,0.0692,0.2162,0.7772,0.1128,0.2875,0,0.3592,0.2475,0.0363,0.8747,0.0819,0.1588,0.167,0.2033,0.9465,1.023,0.1747,0.2198,0.0914,0.1348,0.2619,0.27,0.0532,0.6343,0.0926,0.0726,0.0766,0.1629,0.4236,0.0847,0.3788,1.687,0.2422,0.5485,0.2416,0.762,0.7554,1.53,1.662,0.0295,0.873,0.026,0.5052,0.059,0.0891,0.2451,0.0084,0.1218,0.8806,0.1442,0.6402,1.003,0.665,0.1942,0.1289,0.0654,0.9582,0.2151,1.774,0.3015,0.372,0.0855,2.174,1.798,0.1767,0.1355,0.205,0.4469,0.422,0.1222,0.1455,0.0565,1.116,0.0811,0.817,0.1075,0.0587,0.0633,0.0355,0.0474,0.3732,0.7202,0.071,1.574,0.6727,0.1416,0.3593,0.4756,0.071,0.2692,0.2828,0.0451,0.7539,0.7307,0.2229,0.131,0.3386,0.6016,0.144,0.4906,0.1575,0.0563,0.4503,1.012,0.2046,0.4553,0.2703,0.2214,0.3686,0,0.3974,0.091,0.1337,1.158,0.4387,0.4636,0.0903,1.331,0.0873,0.0888,1.177,0.2727,0.5712,0.1063,0.2281,1.884,0.7176,0.2085,0.0629,0.2222,0.1669,0.2578,0.0818,0.1068,0.3608,0.2652,1.05,1.782,0.3105,0.2594,0.2195,1.042,0.616,0.1853,0.3032,0.5919,0.8072,1.659,0.0634,0,0.3076,0.2126,0.0788,0.0204,0.0998,1.07,0.5801,0.2118,0.0472,0.1645,0.2982,1.475,0.5169,0.1179,0.5191,0.238,0.063,0.1857,0.2047,0.1041,0.5704,0.2275,0.2557,0.2557,0.2413,0.7091,0.1379,0.6617,1.644,1.235,1.053,0.0505,0.2095,0.0602,0.2404,0.2028,0.3663,2.097,0.152,0.5784,0.1808,0.6565,0.0474,0.0232,0.0982,1.635,0.4746,0.0196,0.1619,0.4441,0.6388,0.0651,0.287,0.7174,0.2944,0.157,1.689,0.8215,0.1262,0.177,1.197,0.1077,0.0647,0.2044,0.5814,1.097,0.2475,0.699,0.157,0.156,0.2142,0.2959,1.154,0.0166,2.587,0.4217,1.07,0.1068,0.1798,1.359,1.59,0.0852,0.2072,0.388,0.1162,0.8137,0.1872,2.027,1.916,0.1065,0.1465,0.2716,0.1966,0.2151,1.624,0.3113,0.8642,0.0415,0,0.3757,0.2112,0.6204,0.4863,0.7506,0.1947,0.2522,0.055,0.0451,0.2096,0.0826,0.3561,0.1524,0.3736,0.0095,0.4062,0.887,1.104,0.1947,0.2111,0.2259,0.1797,0.0701,0.699,0.1675,0.4012,0.073,0.0919,0.7459,0.0871,1.317,0.1664,0.941,1.736,0.2866,0.6997,0.2125,0.0511,0,0.1732,0.0706,0.1374,0.6278,1.445,0.4788,0.1055,0.3278,0.1282,1.337,0.0139,0.1992,1.001,0.1943,1.127,0.0575,0.1325,0.2802,0,0.0643,0.1097,1.594,0.3682,0.502,0.1882,0.1302,0.0293,0.2093,0.1002,0.243,0.1254,1.82,0,0.3408,0.1485,0.9463,1.124,0.1291,0.8859,0.1398,0.1466,0.2144,0.0873,0.4955,0.382,0.7762,0.0486,0.1016,0.1387,2.167,0.8013,0.3064,0.0847,0.3985,1.203,0.1783,2.022,0,0.8338,1.828,0.2082,1.402,0.2065,0,0.4624,0.7676,0.1663,0.0544,0.6703,0.2479,1.675,0,0.2789,0.3736,0.0688,0.4223,0.0911,0.7358,1.188,0.9183,0.2689,0.7519,0.088,0,0.7927,2.168
8289,3.658,1.03,2.377,0.2301,0.8169,0.4472,2.606,0.5726,3.528,0.2082,0.1698,0.5365,1.238,0.2845,0.9291,0.2258,0.1963,0.1799,0.8741,0.8854,0.4959,0.1645,0.5749,0.1652,0.9053,1.455,2.85,0.3065,1.203,0.1873,0.5308,0.5517,0.4138,0.1177,0.8659,1.837,4.305,0.3297,0.135,0.1426,1.358,1.055,1.707,1.25,1.984,0.278,0.806,3.93,1.615,0.9137,0.2697,0.1066,0.2052,0.1219,0.2596,0.8142,3.727,1.596,0.0946,0.7491,0.4356,1.691,0.6745,0,0.2942,0.3619,0.3661,0.2208,1.628,1.219,0.148,1.15,0.534,0.122,0.4653,1.12,1.517,0.2923,0,0.4093,1.838,1.543,1.267,0.6613,0.7869,0.2196,2.63,0.1306,0.5424,0.5332,0.2059,0.4583,0.3819,0.2188,2.159,0.1119,0.4433,0.1807,0.766,0.1439,0.4596,1.221,0.2772,0.2399,1.21,0.1529,1.768,3.147,0.3571,0.4796,0.1051,0.7849,1.782,0.1328,2.105,3.11,0.3932,0.7016,0.1888,0.1965,0.7966,0.7182,0.283,0.447,0.1199,0.3274,0.1992,0.9311,0.654,0.1073,1.411,0,1.274,2.42,0.2793,0.6796,0.1484,1.02,0.144,0.9782,0.9573,1.078,0.4748,2.478,0.3522,0.7206,1.824,1.517,0.1202,1.048,0.2236,0.159,0.1234,0.7411,0.31,0.2056,0.2764,1.674,1.009,2.354,0.1724,0.7449,1.367,2.518,1.751,0.2017,0.8224,0.1135,1.401,0.1729,0.2884,1.135,0.1494,0.7949,0.7766,0.1432,0.5112,1.064,0.5288,0.2326,0.6397,0.2361,1.685,0.1554,2.267,0.1993,1.653,0.4289,3.019,1.771,1.384,0.2493,0.5384,1.928,0.3449,0.2766,0.4821,0.0831,1.117,0.5576,0.9059,0.3484,0.222,0.1899,0.1913,0.2093,0.2377,1.907,0.2285,2.938,0.6158,0.4836,1.18,0.3062,0.4864,0.2069,1.831,0.2106,0.7675,0.5594,0.4796,0.8184,0.2319,0.4259,0.1249,0.3882,0.3859,0.1014,1.616,1.085,0.8689,0.3172,1.039,1.778,0.2226,0,0.2662,0.4483,0.3159,1.284,0.3177,0.2703,0.1687,1.521,0.3536,0.281,1.15,0.6292,0.3961,0.1829,0.8904,2.534,1.527,1.291,0.3343,1.698,0.2424,0.1826,0.4872,0.2424,2.573,0.1786,1.158,2.959,1.222,0.1968,0.1633,1.135,0.489,1.299,0.1953,0.3983,0.7597,1.754,0.3266,0,1.981,1.123,0.1489,0.1439,0.6005,1.147,0.3802,1.574,0.1825,0.1333,1.238,1.386,0.3677,0.6395,2.393,0.9925,0.4134,0.6916,0.1369,0.122,1.987,0.1599,0.1649,1.168,1.748,0.6707,0.1861,1.449,1.707,1.353,1.089,0.2515,1.091,0.2094,0.6294,0.8688,1.126,3.114,0.5604,0.4806,0.155,0.429,0.174,0.1122,0.1874,1.565,0.3348,0.1418,1.119,0.3242,0.4774,0.1018,0.182,0.6372,0.1846,0.1506,1.891,0.8871,0.6298,0.1519,1.351,0.1064,0.2763,1.957,0.4437,1.19,1.033,0.6166,0.667,0.1554,1.583,0.2101,1.233,0.2604,3.886,0.2608,1.154,0.1571,1.917,2.74,1.594,0.6015,0.7109,0.2204,0.1173,0.6534,0.8124,2.471,2.198,0.726,0.46,1.957,1.409,2.017,1.736,0.1935,0.7559,0.1756,0,2.381,0.9266,0.4758,1.054,0.5173,0.455,0.1624,0.2877,0.1361,1.066,0.601,0.2546,0.1305,1.232,0.1509,0.2768,1.008,1.183,0.3812,0.4724,0.1572,1.291,0.3245,0.5659,0.39,0.2449,0.1168,0.1133,2.103,0.2478,1.405,0.1555,1.009,2.356,1.622,0.7048,0.9648,0.1098,0,0.6791,0.2396,0.6064,0.5443,1.575,1.367,0.1191,1.275,0.3209,1.358,0.1287,0.148,1.095,2.015,1.189,0.3232,0.5812,0.1925,0,0.0767,0.1534,1.656,1.494,0.3605,0.9032,0.2471,0.1928,1.632,0.3178,1.731,0.115,1.893,0,1.419,0.3319,0.935,0.8773,0.336,0.9457,0.8687,0.4621,1.045,0.1756,0.3314,0.2549,1.757,0.1929,0.2892,0.547,2.473,0.7606,0.2053,0.3689,0.2696,2.414,0.1753,2.227,0,0.7096,1.716,0.3797,1.576,0.65,0,1.522,0.622,1.124,0.2024,0.5035,0.5088,2.903,0,1.07,0.2497,0.2513,0.3467,0.1799,0.5903,1.31,1.46,1.582,0.653,0.299,0,1.485,3.078
8290,4.713,0.9856,3.576,0.3463,1.254,0.7,2.813,0.7268,4.394,0.3545,0.2551,0.5268,1.639,0.303,1.231,0.3244,0.4001,0.3481,1.446,1.13,0.6906,0.202,0.862,0.3321,0.8987,1.374,2.886,0.3586,1.537,0.4018,0.9021,0.454,0.4088,0.204,1.211,1.891,5.075,0.4941,0.2364,0.2434,1.389,1.15,2.097,1.252,2.191,0.2867,1.068,4.409,1.869,1.184,0.5344,0.2,0.4082,0.2182,0.5409,1.106,4.216,1.854,0.2062,0.8033,0.7637,1.682,0.782,0,0.4367,0.4876,0.6123,0.4445,2.042,1.52,0.2025,1.494,0.6804,0.2302,0.4287,1.363,1.887,0.46,0,0.3953,1.833,2.095,1.549,0.9194,0.9103,0.3494,2.848,0.2165,0.8208,0.7311,0.3657,0.6715,0.6474,0.4064,2.946,0.2284,0.6419,0.2097,1.036,0.2937,0.4723,1.678,0.3821,0.2632,1.51,0.299,2.77,3.433,0.4957,0.6011,0.2089,0.991,1.845,0.1947,2.072,4.189,0.352,0.8777,0.3914,0.2389,0.839,0.939,0.4133,0.8154,0.2651,0.6727,0.371,1.102,0.7557,0.2134,1.667,0,1.457,2.564,0.4929,0.9107,0.3244,1.074,0.2347,0.9984,0.8665,0.9473,0.7734,2.434,0.5999,1.012,1.823,1.601,0.265,1.194,0.4145,0.3474,0.2661,1.017,0.3048,0.4124,0.2753,2.701,1.115,2.705,0.2828,0.9286,1.381,3.162,2.604,0.3948,1.172,0.2236,1.931,0.369,0.5231,1.572,0.2701,1.012,0.7929,0.2867,0.6261,1.34,0.5959,0.4632,0.7298,0.4469,2.068,0.2061,2.54,0.254,2.055,0.7043,4.181,2.383,1.385,0.5092,0.8484,1.914,0.3686,0.5299,0.7088,0.1779,1.489,0.6987,1.059,0.5939,0.4175,0.4019,0.3518,0.3917,0.2126,1.819,0.4464,3.502,0.6743,0.7378,1.5,0.3414,0.6261,0.3479,2.291,0.3925,0.8772,0.5715,0.7919,1.016,0.3487,0.5204,0.2362,0.5075,0.6533,0.21,1.564,1.436,0.9546,0.3357,1.269,2.012,0.2985,0,0.384,0.6475,0.5859,1.557,0.3414,0.2817,0.3626,1.438,0.5328,0.5711,1.222,0.9483,0.4302,0.3921,1.324,3.056,1.683,1.299,0.5837,1.671,0.5024,0.2976,0.697,0.5057,2.848,0.2032,1.348,3.763,1.488,0.3278,0.2743,1.41,0.6648,1.337,0.2802,0.484,0.912,2.246,0.5812,0,2.076,1.394,0.3112,0.2864,0.8211,1.628,0.4716,1.567,0.3793,0.2423,1.484,1.281,0.4743,0.7883,2.569,1.215,0.5775,0.9372,0.2044,0.2576,2.228,0.2561,0.2417,1.621,1.734,0.8035,0.3876,1.364,2.507,1.679,1.183,0.4397,1.217,0.4346,0.9023,1.09,1.495,4.259,0.7608,0.4151,0.2892,0.4033,0.3644,0.234,0.4002,1.98,0.3573,0.2819,1.131,0.4014,0.5759,0.196,0.2648,0.8405,0.2546,0.2962,2.758,0.8641,0.8081,0.2526,1.286,0.2137,0.4646,2.154,0.4576,1.379,1.272,0.7378,0.8743,0.3081,1.609,0.3262,1.665,0.3823,4.513,0.3167,1.573,0.3352,2.03,2.825,1.968,0.733,1.276,0.2537,0.2019,0.7333,0.9567,3.059,2.602,0.8416,0.6974,2.016,1.429,2.146,2.239,0.2628,0.8076,0.3583,0,2.558,1.443,0.51,1.067,0.6451,0.7609,0.2379,0.5111,0.2975,1.299,0.7347,0.2911,0.2453,1.674,0.2758,0.2627,1.217,1.809,0.6886,0.7884,0.197,1.326,0.558,0.7052,0.6828,0.2892,0.2427,0.2054,2.218,0.4495,1.719,0.3022,1.163,3.323,1.721,0.823,1.202,0.2279,0,0.9077,0.4442,0.7826,0.5951,1.949,1.624,0.2496,1.508,0.5937,1.654,0.2485,0.2501,1.335,1.983,1.561,0.5145,0.7292,0.2409,0,0.1511,0.326,2.159,1.755,0.3366,0.96,0.4993,0.3529,1.608,0.5302,1.951,0.1764,2.439,0,1.674,0.6265,0.9556,1.001,0.614,1.327,0.9762,0.6816,1.197,0.3807,0.3618,0.352,2.159,0.3975,0.4785,0.7703,3.066,0.7273,0.3018,0.5006,0.4067,3.047,0.3448,2.751,0,0.7437,2.293,0.7189,1.686,0.9303,0,1.993,0.663,1.303,0.3783,0.4543,0.8133,3.274,0,1.299,0.3607,0.481,0.3375,0.3888,0.4676,1.444,1.455,1.823,0.5751,0.5872,0,1.6,4.312
8297,0.2317,1.078,2.571,0.0268,0.106,0.0488,0.1165,1.121,4.1,0.0505,0.3202,0.985,0.0595,0.5973,1.474,0.4412,0.1667,0.2156,0.1492,0.9916,0.035,0.3731,0.0747,0.1633,1.098,0.2945,0.2605,0.6179,1.511,0.1108,0.095,0.9715,0.8325,0.194,0.0558,0.3495,4.037,0.039,0.2256,0.2482,1.421,0.0306,0.0694,0.0431,0.0612,0.6601,1.431,3.349,0.1866,0.0463,0.1311,0.1635,0.2864,0.1946,0.1995,1.102,0.1827,0.2297,0.0943,0.0223,0.0847,0.3491,0.0262,0,0.0359,0.7587,0.0583,0.1904,0.3534,1.376,0.3057,1.977,0.0275,0.1883,0.8278,0.0456,1.545,0.0456,0,0.914,0.3292,1.425,1.105,0.0413,0.0265,0.0366,2.68,0.2335,0.0775,0.034,0.3066,0.0502,0.0607,0.0496,2.013,0.1401,0.0343,0.3808,0.0401,0.1552,0.8021,1.535,0.5641,0.5294,0.0617,0.2186,0.2303,1.279,0.0311,0.0256,0.1179,1.168,0.4767,0.257,0.2856,3.144,0.795,0.0322,0.0785,0.4331,0.0245,1.31,0.0305,0.1295,0.0947,0.17,0.0443,0.037,1.157,0.1412,0.0533,0,0.1642,0.1099,0.0784,1.365,0.1265,0.0326,0.2622,0.1463,1.299,1.364,0.0633,0.1614,0.0591,0.0603,0.2088,0.1332,0.0979,0.3498,0.0514,0.1154,0.1283,0.051,0.5633,0.0709,0.5305,2.026,0.0863,0.3066,0.3109,1.14,0.5697,2.148,1.948,0.11,1.423,0.1044,0.0742,0.0903,0.0627,0.0837,0.0506,0.0447,1.274,0.18,0.9833,1.435,0.9717,0.2107,0.0218,0.0616,0.603,0.3287,2.016,0.4429,0.0678,0.0788,3.261,1.667,0.0462,0.1351,0.0621,0.3975,0.6009,0.0829,0.0403,0.0864,1.055,0.0264,1.058,0.0566,0.0553,0.0972,0.0489,0.0531,0.53,0.6197,0.0696,1.813,1.012,0.0483,0.061,0.6472,0.0261,0.3358,0.08,0.0537,1.073,1.042,0.0725,0.0396,0.4368,0.9272,0.1779,0.7811,0.0613,0.1093,0.3768,1.282,0.0702,0.6201,0.0458,0.0563,0.4685,0,0.5257,0.039,0.0791,1.419,0.6819,0.6567,0.1063,1.537,0.0341,0.1257,1.691,0.058,0.7689,0.187,0.0888,2.185,0.503,0.1016,0.0794,0.153,0.1985,0.3282,0.0492,0.1282,0.1667,0.3939,1.194,2.505,0.0565,0.3244,0.2756,1.29,1.015,0.0421,0.385,0.8446,1.213,1.751,0.087,0,0.2083,0.0497,0.161,0.0665,0.0508,1.472,0.8115,0.1064,0.1124,0.212,0.057,1.993,0.7629,0.0274,0.4091,0.0391,0.0391,0.0409,0.2601,0.1269,0.3709,0.2871,0.3221,0.0864,0.1817,0.9825,0.1573,0.5411,1.837,1.19,1.499,0.0534,0.048,0.1391,0.0442,0.0372,0.0542,3.14,0.0333,0.8476,0.2258,0.9038,0.1114,0.0696,0.1167,1.247,0.6417,0.0651,0.0425,0.6726,0.915,0.1239,0.3611,1.155,0.3731,0.1995,2.324,1.081,0.032,0.2711,1.452,0.1415,0.0436,0.0599,0.8401,1.386,0.0411,1.082,0.0354,0.1852,0.0774,0.3798,1.406,0.027,3.803,0.5514,1.437,0.1702,0.0594,1.238,1.195,0.0247,0.1796,0.508,0.1941,1.206,0.0313,2.098,2.284,0.0237,0.0437,0.1758,0.0542,0.0723,1.831,0.3953,1.266,0.1319,0,0.2483,0.1229,0.9327,0.3808,1.053,0.0704,0.3174,0.0719,0.0816,0.0426,0.025,0.5324,0.1952,0.0681,0.0556,0.5209,0.8085,1.764,0.0979,0.0739,0.3378,0.0402,0.0608,1.047,0.0746,0.5188,0.1371,0.1746,0.6456,0.0506,1.506,0.2036,1.269,2.495,0.1574,1.048,0.0405,0.1103,0,0.0383,0.0554,0.0303,0.8724,1.76,0.221,0.1294,0.0952,0.0771,1.055,0.0441,0.2511,1.319,0.1085,1.255,0.049,0.0253,0.4143,0,0.0943,0.1704,1.682,0.1327,0.7272,0.0761,0.1178,0.0516,0.4767,0.0461,0.0588,0.215,1.69,0,0.0961,0.0951,1.35,1.66,0.0758,1.202,0.0263,0.0387,0.0417,0.132,0.6645,0.5142,0.4307,0.1367,0.0389,0.0395,2.578,1.13,0.3921,0.0228,0.5123,0.8193,0.2205,2.897,0,1.215,1.541,0.1439,1.796,0.0478,0,0.0739,1.121,0.0393,0.0473,0.9182,0.0679,1.51,0,0.0508,0.4895,0.0728,0.5517,0.1269,0.9871,1.491,0.8474,0.0569,1.045,0.1057,0,0.6059,3.321
8310,0.2787,1.102,3.097,0.0201,0.1262,0.0515,0.2561,1.108,4.414,0.0486,0.2682,0.9253,0.0927,0.532,1.582,0.3865,0.1552,0.1936,0.1142,1.111,0.0329,0.3277,0.0535,0.1514,1.134,0.5032,0.546,0.5794,1.665,0.0949,0.0996,0.8784,0.7566,0.1637,0.0676,0.6437,4.674,0.0283,0.1823,0.1983,1.498,0.0528,0.1247,0.0834,0.1108,0.5343,1.492,3.91,0.3807,0.0543,0.1318,0.1326,0.228,0.1568,0.1531,1.22,0.3874,0.4513,0.0784,0.0346,0.0815,0.6214,0.0322,0,0.0366,0.7071,0.0425,0.1776,0.6372,1.523,0.245,2.079,0.0254,0.1561,0.7745,0.0842,1.745,0.0362,0,0.7832,0.605,1.754,1.301,0.0502,0.043,0.0399,2.858,0.1878,0.0564,0.0355,0.2667,0.0369,0.0521,0.0388,2.463,0.1192,0.0356,0.3286,0.0558,0.1382,0.7803,1.723,0.5136,0.4465,0.1217,0.1781,0.2373,1.994,0.0357,0.0315,0.1106,1.252,0.8153,0.2124,0.5503,3.677,0.7054,0.0362,0.0697,0.3488,0.0433,1.346,0.0355,0.1374,0.0817,0.1359,0.0376,0.0718,1.153,0.1193,0.0989,0,0.33,0.2416,0.0591,1.37,0.1054,0.0594,0.2089,0.2814,1.286,1.352,0.0604,0.3397,0.0441,0.0469,0.4181,0.2838,0.0805,0.578,0.0483,0.0956,0.1063,0.0477,0.5333,0.0638,0.4913,2.372,0.1847,0.6149,0.2492,1.209,0.8499,2.619,2.283,0.0918,1.527,0.1144,0.1128,0.0722,0.0493,0.0772,0.0535,0.0392,1.254,0.1532,0.9677,1.569,0.9498,0.196,0.0396,0.0456,0.9866,0.2616,2.223,0.3455,0.1157,0.0556,3.777,2.005,0.0882,0.1279,0.0629,0.7084,0.5936,0.0782,0.0399,0.072,1.257,0.0253,1.148,0.0463,0.0404,0.0769,0.0349,0.0372,0.4427,0.9579,0.0538,2.542,1.017,0.0438,0.1172,0.5787,0.0235,0.3078,0.0983,0.0371,1.133,0.9844,0.0787,0.039,0.3884,0.834,0.1521,0.7733,0.0601,0.0971,0.6406,1.435,0.1513,0.5796,0.089,0.093,0.3939,0,0.4779,0.0311,0.074,1.561,0.602,0.5271,0.0962,1.576,0.0287,0.0961,1.741,0.0676,0.7284,0.1522,0.0779,2.559,0.8309,0.2146,0.056,0.3126,0.1771,0.2649,0.0368,0.1119,0.367,0.3211,1.306,3.113,0.1129,0.2921,0.2307,1.426,1.005,0.0796,0.3241,0.7756,1.261,2.009,0.0615,0,0.4319,0.0591,0.1313,0.0532,0.0398,1.659,0.7392,0.2254,0.0871,0.1718,0.1162,1.978,0.7293,0.0316,0.7806,0.0659,0.0306,0.0465,0.2187,0.1107,0.6978,0.2369,0.2636,0.0803,0.3675,1.043,0.1431,0.7846,2.163,1.407,1.571,0.0379,0.1032,0.1076,0.0534,0.0519,0.0868,3.789,0.0377,0.7793,0.1899,0.7959,0.087,0.0585,0.1051,1.604,0.6081,0.0529,0.0859,0.6273,0.8977,0.1109,0.2939,1.193,0.3121,0.1675,2.66,1.109,0.0342,0.2137,1.494,0.1162,0.0317,0.1082,0.7927,1.511,0.0674,1.093,0.0406,0.1632,0.1671,0.3408,1.59,0.0353,4.197,0.4932,1.61,0.1398,0.0943,1.819,1.564,0.0254,0.1373,0.4047,0.1629,1.172,0.0596,2.536,2.504,0.0287,0.0424,0.3708,0.1109,0.1462,2.087,0.3326,1.255,0.1106,0,0.517,0.0931,0.8753,0.594,1.011,0.0714,0.2593,0.051,0.065,0.0577,0.0254,0.4761,0.1601,0.0881,0.0572,0.4806,0.9992,1.977,0.1047,0.0773,0.2699,0.0742,0.042,1.053,0.073,0.461,0.1168,0.1569,1.073,0.0435,1.682,0.1749,1.367,2.903,0.3312,1.1,0.056,0.095,0,0.0438,0.0424,0.0354,0.8855,1.97,0.424,0.1122,0.2018,0.07,1.341,0.0358,0.2081,1.441,0.2287,1.424,0.0347,0.0333,0.338,0,0.0816,0.1402,1.934,0.2778,0.6512,0.1632,0.1138,0.0371,0.7782,0.0393,0.1125,0.2034,2.038,0,0.205,0.0906,1.374,1.616,0.0676,1.352,0.0409,0.0394,0.0857,0.1107,0.6177,0.4728,0.7642,0.1077,0.0361,0.0384,2.872,1.117,0.3383,0.0231,0.4563,1.352,0.1889,3.151,0,1.19,1.91,0.1502,1.925,0.0523,0,0.1265,1.084,0.0484,0.035,0.8451,0.078,2.202,0,0.1029,0.4397,0.0536,0.5447,0.1091,0.8942,1.607,1.083,0.1087,0.9888,0.0788,0,0.9382,3.907
8581,3.606,1.021,2.952,0.4387,1.501,0.8693,2.94,1.218,3.119,0.3224,0.3558,0.8149,2.138,0.5262,1.726,0.5036,0.3612,0.3635,1.8,1.217,1.019,0.2165,1.183,0.3199,1.038,1.735,2.818,0.6259,1.778,0.3108,0.9932,0.6549,0.6803,0.1809,1.669,2.247,3.493,0.6629,0.2553,0.2457,1.456,1.849,2.62,1.968,2.714,0.4993,1.652,3.003,2.417,1.808,0.4738,0.1803,0.346,0.201,0.4083,1.357,3.343,2.344,0.1428,1.318,0.8292,2.056,1.207,0,0.5056,0.8693,0.7445,0.4102,2.309,1.644,0.25,2.162,1.037,0.1935,0.6587,1.97,1.913,0.5354,0,0.6624,2.219,2.15,1.529,1.29,1.473,0.343,2.418,0.2457,1.084,1.087,0.437,0.9328,0.7633,0.418,2.552,0.1579,0.8943,0.3554,1.453,0.2715,0.7248,1.903,0.648,0.4468,2.045,0.2681,2.835,2.853,0.6082,0.8197,0.1285,1.322,2.113,0.2036,2.418,2.935,0.5764,1.398,0.3254,0.3678,1.373,1.486,0.4596,0.8024,0.1911,0.5658,0.376,1.675,1.145,0.1983,2.307,0,1.952,2.857,0.4876,1.585,0.2351,1.761,0.2515,1.336,1.079,1.123,0.9426,2.67,0.7142,1.501,2.357,2.24,0.1747,1.413,0.414,0.2521,0.1843,1.532,0.4873,0.364,0.4584,2.59,1.598,2.764,0.3355,1.269,1.52,2.538,2.434,0.2941,1.784,0.1242,2.288,0.2828,0.5589,2.18,0.1984,1.58,1.125,0.2673,1.037,1.654,0.9413,0.439,1.169,0.4465,2.314,0.2664,2.187,0.3911,2.585,0.8631,2.974,2.285,2.142,0.4325,1.062,2.222,0.5726,0.4989,0.981,0.1154,1.505,1.072,1.183,0.7002,0.4209,0.3145,0.3485,0.3904,0.3388,1.995,0.4191,2.932,0.9785,0.9941,2.016,0.5964,0.9413,0.4896,2.83,0.3909,1.122,0.8874,0.8962,1.617,0.5353,0.9061,0.2479,0.9003,0.7442,0.1293,1.897,1.594,1.378,0.5653,1.836,2.654,0.4648,0,0.637,0.9244,0.5846,1.665,0.5937,0.4958,0.2836,1.489,0.7308,0.4918,1.616,1.183,0.7178,0.2865,1.827,2.428,1.948,1.912,0.6401,2.297,0.428,0.3644,0.9835,0.4143,2.917,0.3219,1.39,2.836,2.062,0.4545,0.3372,1.536,1.211,2.125,0.4132,0.8277,1.285,2.186,0.6191,0,2.538,2.092,0.2179,0.2085,1.211,1.873,0.8095,2.266,0.2824,0.2486,2.072,1.686,0.8481,1.261,2.618,1.823,0.8133,1.391,0.2835,0.2174,2.472,0.3264,0.3336,2.221,2.318,1.067,0.3326,1.5,2.361,1.658,1.494,0.4863,1.842,0.3305,1.206,1.682,1.999,3.181,1.129,0.6221,0.3049,0.6653,0.2671,0.1441,0.3166,2.073,0.5943,0.2042,1.809,0.6985,0.9568,0.1313,0.369,1.336,0.3828,0.2811,2.577,1.001,1.267,0.2763,1.375,0.1836,0.5537,2.698,0.7402,1.541,1.89,1.124,1.344,0.3026,2.398,0.4912,1.785,0.3856,3.035,0.5421,1.792,0.2508,2.795,2.503,2.066,1.134,1.413,0.4118,0.1808,1.131,1.477,2.477,2.36,1.352,0.9326,2.547,2.213,2.845,2.23,0.403,1.164,0.2424,0,2.717,1.911,0.834,1.212,1.104,0.8702,0.3269,0.5431,0.2087,1.99,1.124,0.5086,0.244,2.181,0.2013,0.4306,1.229,2.226,0.6857,0.8932,0.2786,2.111,0.6451,1.132,0.7381,0.4961,0.161,0.1576,2.32,0.4765,1.807,0.3032,1.37,2.698,2.337,1.105,1.844,0.1442,0,1.369,0.46,1.214,0.855,2.067,2.089,0.2135,2.026,0.6034,1.704,0.1848,0.2988,1.518,2.581,1.613,0.6426,1.143,0.3724,0,0.0974,0.2472,2.142,2.228,0.562,1.392,0.4302,0.3402,1.869,0.637,2.587,0.154,2.268,0,2.196,0.6047,1.248,1.555,0.6398,1.541,1.601,0.9326,1.822,0.2844,0.6199,0.6051,2.43,0.2823,0.5744,1.126,2.529,0.9713,0.4494,0.7472,0.6321,2.823,0.3345,2.609,0,1.088,2.271,0.6741,1.864,1.3,0,2.43,1.007,2.037,0.3846,0.6981,0.9326,2.781,0,1.858,0.582,0.4671,0.4858,0.2965,0.6335,1.595,1.463,2.47,0.8005,0.5464,0,1.798,3.159
8590,2.724,0.8451,3.129,0.2322,0.4487,0.3521,2.433,0.846,3.332,0.1912,0.3841,0.72,0.9682,0.5426,1.059,0.4882,0.2557,0.3123,0.7972,0.8795,0.487,0.3632,0.5811,0.2483,0.8066,1.413,2.709,0.5596,1.198,0.1486,0.3888,0.6957,0.6716,0.2283,0.7019,1.707,4.988,0.3298,0.2845,0.2987,1.147,1.063,1.479,1.265,1.943,0.6266,1.022,4.1,1.399,0.8677,0.232,0.2018,0.3263,0.2369,0.2062,0.8888,3.214,1.385,0.1155,0.7665,0.3338,1.599,0.7145,0,0.3032,0.7057,0.3433,0.2921,1.378,1.182,0.3565,1.306,0.5676,0.2177,0.6334,0.9851,1.484,0.294,0,0.7128,1.736,1.776,1.307,0.5533,0.7724,0.214,2.237,0.2866,0.5546,0.5079,0.4136,0.4644,0.326,0.1798,2.49,0.148,0.3949,0.3894,0.5975,0.225,0.6157,1.304,0.5729,0.5125,1.006,0.27,1.391,2.908,0.3776,0.5104,0.1139,0.8576,1.658,0.2964,2.009,3.463,0.6408,0.7114,0.1384,0.4575,0.8066,0.9449,0.2928,0.322,0.1224,0.2487,0.1571,0.8433,0.8122,0.1903,1.284,0,1.116,2.289,0.2502,1.017,0.1483,1.022,0.3169,0.9141,0.8785,0.9321,0.3914,2.441,0.3216,0.7423,1.73,1.399,0.1035,0.9407,0.1671,0.135,0.1404,0.7318,0.4627,0.1504,0.4542,2.343,0.9042,2.053,0.3854,0.8291,1.315,2.683,2.135,0.149,1.081,0.0851,0.9442,0.1246,0.2406,1.089,0.1197,0.8408,0.8484,0.2461,0.767,1.076,0.7303,0.3223,0.6188,0.1949,1.456,0.3785,2.116,0.4926,1.423,0.4105,3.367,1.992,1.404,0.2146,0.4364,1.826,0.4797,0.2029,0.4348,0.1006,1.244,0.5939,0.8494,0.304,0.1854,0.1378,0.1641,0.1782,0.475,1.859,0.1788,2.78,0.7283,0.4417,0.9596,0.5936,0.5175,0.4343,1.727,0.1808,0.7795,0.7469,0.3454,0.8557,0.4987,0.7832,0.2401,0.6602,0.3006,0.1067,1.55,1.117,0.7826,0.529,0.8983,1.737,0.4933,0,0.5607,0.4527,0.2365,1.216,0.616,0.6329,0.1522,1.23,0.3387,0.2125,1.097,0.4552,0.634,0.1966,0.8262,2.578,1.391,1.234,0.3046,1.637,0.2827,0.4073,0.5002,0.189,2.309,0.4095,1.069,3.231,1.05,0.4173,0.353,1.099,0.8257,1.305,0.44,0.6954,0.8518,1.775,0.2922,0,1.828,1.101,0.1594,0.1023,0.6232,1.278,0.6917,1.524,0.1306,0.27,1.081,1.237,0.6672,0.6533,2.179,0.892,0.4289,0.637,0.3077,0.179,1.771,0.3569,0.3811,1.113,1.669,0.7262,0.2318,1.43,2.078,1.412,1.026,0.2285,1.016,0.1548,0.4934,0.8079,0.8541,3.869,0.5202,0.6397,0.3027,0.7021,0.1247,0.0719,0.166,1.648,0.5381,0.1005,1.117,0.5971,0.7316,0.1386,0.4212,0.8653,0.4211,0.2675,2.141,0.7896,0.636,0.3332,1.107,0.1826,0.2558,1.922,0.6625,1.099,0.9263,0.784,0.6413,0.2642,1.536,0.4556,1.296,0.2685,3.831,0.5209,1.225,0.1922,1.945,2.642,1.632,0.6412,0.6095,0.5225,0.2298,0.8316,0.7458,2.593,2.012,0.7659,0.406,1.832,1.398,1.949,1.737,0.4376,0.8483,0.1263,0,2.164,0.888,0.7194,1.002,0.8196,0.3469,0.3755,0.2568,0.0967,1.027,0.6425,0.5073,0.2534,0.9878,0.1192,0.44,1.052,1.501,0.2691,0.3513,0.3691,1.305,0.3036,0.7895,0.2955,0.4933,0.1359,0.1907,1.948,0.1993,1.341,0.282,0.9543,2.641,1.488,0.7594,0.9053,0.1101,0,0.6368,0.1992,0.5912,0.6454,1.502,1.173,0.1813,1.104,0.2461,1.423,0.0938,0.3192,1.052,1.99,1.225,0.3153,0.561,0.4441,0,0.1063,0.1963,1.704,1.299,0.6024,0.8308,0.2007,0.1669,1.557,0.2754,1.645,0.2383,2.049,0,1.233,0.2451,0.9093,1.055,0.2628,1.045,0.8809,0.4074,0.9659,0.158,0.5761,0.5325,1.497,0.1391,0.2413,0.5229,2.348,0.7792,0.452,0.3592,0.5697,2.062,0.305,2.01,0,0.8209,1.943,0.2928,1.36,0.5638,0,1.19,0.7815,1.158,0.1689,0.6855,0.3407,2.724,0,0.9227,0.5307,0.2039,0.4234,0.1614,0.6894,1.164,1.45,1.473,0.7298,0.2362,0,1.384,3.913
8591,1.776,0.4613,2.205,0.0981,0.3758,0.2375,1.48,0.3946,2.039,0.0567,0.1249,0.2039,0.6699,0.1685,0.5556,0.1866,0.1273,0.1387,0.464,0.606,0.2656,0.0559,0.2798,0.1205,0.357,0.8714,1.556,0.2139,0.7325,0.0854,0.2786,0.1427,0.1946,0.0556,0.4687,1.1,2.721,0.157,0.084,0.081,0.6805,0.5718,0.9658,0.6617,1.134,0.1658,0.5234,2.283,0.9394,0.5092,0.1483,0.0557,0.1032,0.0648,0.1025,0.5468,1.8,0.9351,0.0414,0.3841,0.2273,1.017,0.2845,0,0.0924,0.3311,0.1831,0.1455,0.963,0.7891,0.0801,0.6462,0.248,0.0554,0.1628,0.634,1.077,0.1106,0,0.187,1.101,1.449,0.9981,0.3613,0.4367,0.0562,1.362,0.0794,0.2438,0.2924,0.1672,0.2222,0.1996,0.1066,1.929,0.0409,0.2417,0.1196,0.4098,0.0982,0.1884,0.8777,0.2456,0.1483,0.6796,0.0838,0.9585,1.704,0.1076,0.1581,0.0306,0.4222,1.08,0.0618,1.245,2.439,0.157,0.3757,0.0891,0.1245,0.4228,0.469,0.0755,0.2351,0.0558,0.1487,0.0988,0.5296,0.308,0.0691,0.8034,0,0.7462,1.385,0.1046,0.5384,0.0658,0.5519,0.0833,0.5815,0.26,0.2975,0.253,1.405,0.1781,0.3703,1.078,0.8865,0.0444,0.6404,0.1133,0.068,0.0496,0.4001,0.1283,0.0997,0.1284,1.771,0.5855,1.367,0.1104,0.3886,0.8638,1.924,1.599,0.0604,0.6371,0.0217,0.6997,0.0727,0.1431,0.6301,0.0316,0.384,0.2533,0.0925,0.33,0.5899,0.2665,0.1584,0.3583,0.1115,1.021,0.0859,1.467,0.1392,0.9317,0.2036,2.36,1.553,0.7303,0.1307,0.2879,1.159,0.1532,0.1394,0.262,0.0317,0.9864,0.2561,0.5053,0.1803,0.1043,0.0805,0.0804,0.0939,0.0947,1.171,0.107,1.793,0.2511,0.2603,0.6564,0.2004,0.222,0.2023,1.045,0.093,0.3381,0.2238,0.2503,0.4115,0.2079,0.3135,0.0903,0.3148,0.2027,0.0301,0.976,0.7607,0.5036,0.1688,0.5888,1.01,0.1587,0,0.2499,0.2296,0.1609,0.8087,0.1944,0.1675,0.0838,0.6764,0.187,0.1251,0.3872,0.3265,0.217,0.0778,0.4861,1.715,0.9352,0.75,0.1485,0.9904,0.1371,0.1232,0.2321,0.115,1.467,0.104,0.7376,2.177,0.6935,0.1832,0.1207,0.7248,0.4355,0.704,0.1449,0.2684,0.3602,1.318,0.1439,0,1.165,0.6233,0.0586,0.0438,0.2889,0.881,0.2729,0.9062,0.0664,0.0817,0.7058,0.3044,0.3018,0.3389,1.394,0.5601,0.1878,0.3823,0.0984,0.0741,1.182,0.1133,0.1116,0.6499,1.029,0.3257,0.1115,0.896,1.58,1.085,0.4199,0.1141,0.6271,0.0792,0.336,0.4872,0.6006,2.419,0.3093,0.1468,0.108,0.1823,0.0633,0.0307,0.0927,1.309,0.1752,0.0426,0.6115,0.2355,0.3058,0.0349,0.1232,0.4368,0.13,0.096,1.506,0.3359,0.3368,0.0943,0.5682,0.0592,0.1358,1.117,0.2064,0.6459,0.5821,0.3192,0.368,0.1112,0.9032,0.1946,0.9311,0.0519,2.486,0.1793,0.8244,0.0713,1.071,1.589,1.274,0.2722,0.3589,0.1405,0.0557,0.2959,0.4618,1.847,1.354,0.348,0.2485,1.146,0.7798,1.153,1.254,0.1371,0.2738,0.0525,0,1.379,0.4959,0.2379,0.6532,0.3636,0.2393,0.1088,0.1261,0.0522,0.5965,0.2634,0.1735,0.082,0.6678,0.033,0.1148,0.8036,1.05,0.1986,0.248,0.0903,0.692,0.1546,0.3516,0.2033,0.1593,0.0401,0.0449,1.273,0.1256,0.9198,0.1089,0.4967,1.936,0.9508,0.3195,0.5417,0.036,0,0.376,0.1165,0.3323,0.2228,0.9953,0.7997,0.0731,0.7377,0.1635,1.096,0.0375,0.1047,0.6334,1.151,0.9095,0.1499,0.3216,0.1287,0,0.0251,0.0713,1.273,0.8703,0.1584,0.5261,0.1289,0.0758,0.9961,0.1655,0.989,0.0425,1.559,0,0.8195,0.1693,0.3079,0.3882,0.1719,0.714,0.4661,0.2511,0.5979,0.079,0.1956,0.2311,1.039,0.0642,0.1528,0.2979,1.585,0.2234,0.1645,0.1982,0.2505,1.421,0.1172,1.065,0,0.2543,1.562,0.2042,0.7413,0.3558,0,0.8284,0.2508,0.5954,0.0958,0.1699,0.2576,1.695,0,0.6084,0.2244,0.1163,0.1153,0.0841,0.1252,0.6648,0.9545,0.9051,0.17,0.1376,0,0.9346,2.47
8601,3.003,0.8672,1.46,0.7707,2.082,1.277,1.068,2.191,2.517,1.484,1.787,1.85,1.174,1.717,1.987,2,2.01,1.987,2.4,0.8194,1.021,1.583,1.779,1.86,1.306,0.1847,0.5903,1.745,1.576,1.831,1.927,1.744,1.847,1.731,1.412,0.3247,1.768,1.078,1.714,1.99,1.157,0.6849,1.245,0.4711,1.283,2.027,2.186,1.394,0.4546,1.289,2.056,1.476,2.431,1.721,2.465,1.342,1.744,0.4182,1.31,0.5022,1.812,0.2717,0.9175,0,1.251,2.301,1.507,2.138,0.4572,1.203,1.773,2.517,1.007,1.756,1.65,0.7788,0.9977,1.405,0,2.073,0.2932,0.729,0.4679,1.065,0.6208,1.247,1.77,1.633,1.836,0.9551,2.147,1.439,1.518,1.236,1.02,1.649,0.9344,1.472,0.9529,1.763,1.615,1.524,2.108,1.743,0.7104,1.988,2.985,0.7864,1.213,1.053,1.634,1.664,0.3423,1.605,0.3286,1.674,1.769,0.9758,1.608,1.747,0.4218,2.155,1.175,2.177,1.522,2.296,1.108,0.5785,1.973,1.475,0.9518,0,0.3271,0.9163,1.751,2.513,1.799,0.5254,1.969,0.1711,1.679,1.616,1.572,0.5883,1.5,1.668,0.3135,0.3562,1.556,0.2668,1.265,1.789,1.694,1.467,1.347,1.549,1.393,1.339,0.285,0.6145,2.022,1.695,0.2826,0.9688,1.27,1.927,2.066,1.732,1.456,1.669,1.505,1.909,1.391,1.5,1.927,1.808,2.021,1.692,1.882,2.21,0.4213,1.453,0.5114,1.776,0.8831,2.032,1.308,1.771,1.876,0.8286,0.5479,2.05,1.557,0.3071,1.347,1.732,1.115,1.121,0.5057,0.9931,1.069,1.444,1.346,1.747,1.219,1.308,1.563,0.2872,1.547,1.034,1.729,1.331,0.7369,1.842,0.962,2.056,1.87,1.326,1.514,1.93,1.679,1.325,2.081,2.421,1.621,1.936,1.514,1.473,0.2391,1.188,0.2483,1.597,0.6512,1.325,1.963,0,2.149,1.172,1.716,1.202,1.87,2.146,1.764,1.155,0.9613,2.022,2.033,1.439,1.776,2.125,1.931,0.9262,0.3617,0.2686,1.745,0.3032,2.269,2.061,1.452,2.009,0.8634,1.558,0.8233,1.188,0.7132,1.999,1.854,1.155,2.262,0.5963,1.89,2.146,1.839,1.046,1.806,0,0.4185,1.402,1.99,1.463,1.529,1.484,2.193,0.3474,1.855,1.727,0.6817,2.188,2.07,0.8406,0.4736,0.8045,1.158,1.127,1.535,1.606,0.4399,1.802,1.759,1.934,0.3024,1.492,1.978,0.1978,1.094,0.5143,1.82,1.363,0.4804,2.045,1.127,0.9446,1.07,1.595,0.914,1.645,1.876,1.951,1.833,1.349,1.862,0.645,1.592,1.444,0.3981,1.949,1.948,1.461,1.885,2.008,1.788,1.88,1.839,1.307,0.9679,2.015,1.307,1.489,1.183,1.262,1.782,1.39,0.8755,1.901,0.9922,1.854,0.4815,1.999,1.154,1.159,1.882,1.839,1.434,1.974,1.315,0.6107,0.6217,0.9577,2.558,1.901,1.698,2.082,0.5193,0.9192,1.602,0.8579,1.2,0.4209,0.5128,0.9714,1.306,1.814,1.956,1.993,0,0.5505,2.231,1.942,0.2118,2.267,1.655,1.743,1.649,1.511,1.141,0.9983,1.701,1.706,1.586,1.457,1.321,0.3496,1.89,1.922,1.699,1.538,0.6146,1.532,1.981,1.693,1.749,1.705,1.802,0.4396,1.274,1.177,1.877,1.476,1.552,0.3683,1.59,1.046,1.601,0,1.06,1.359,0.8563,1.558,1.499,0.3741,1.587,0.4641,1.699,0.493,1.084,1.756,1.37,0.5273,0.826,1.349,0.6823,1.726,0,0.9733,1.954,1.036,0.4807,1.714,0.2251,1.959,1.307,0.278,1.226,1.064,1.59,0.7867,0,0.5464,1.87,1.801,2.543,1.69,1.237,0.6892,1.059,0.556,1.905,1.725,2.001,0.504,2.023,1.035,1.126,1.697,1.683,1.94,0.6562,2.286,0.7203,2.035,2.371,0,1.95,0.779,2.229,1.655,1.29,0,1.21,1.956,1.247,1.179,1.761,1.606,0.8524,0,0.5989,2.095,1.602,1.087,1.893,1.689,1.442,0.2591,0.9981,1.706,1.912,0,0.3654,1.751
8604,3.003,0.8672,1.46,0.7707,2.082,1.277,1.068,2.191,2.517,1.484,1.787,1.85,1.174,1.717,1.987,2,2.01,1.987,2.4,0.8194,1.021,1.583,1.779,1.86,1.306,0.1847,0.5903,1.745,1.576,1.831,1.927,1.744,1.847,1.731,1.412,0.3247,1.768,1.078,1.714,1.99,1.157,0.6849,1.245,0.4711,1.283,2.027,2.186,1.394,0.4546,1.289,2.056,1.476,2.431,1.721,2.465,1.342,1.744,0.4182,1.31,0.5022,1.812,0.2717,0.9175,0,1.251,2.301,1.507,2.138,0.4572,1.203,1.773,2.517,1.007,1.756,1.65,0.7788,0.9977,1.405,0,2.073,0.2932,0.729,0.4679,1.065,0.6208,1.247,1.77,1.633,1.836,0.9551,2.147,1.439,1.518,1.236,1.02,1.649,0.9344,1.472,0.9529,1.763,1.615,1.524,2.108,1.743,0.7104,1.988,2.985,0.7864,1.213,1.053,1.634,1.664,0.3423,1.605,0.3286,1.674,1.769,0.9758,1.608,1.747,0.4218,2.155,1.175,2.177,1.522,2.296,1.108,0.5785,1.973,1.475,0.9518,0,0.3271,0.9163,1.751,2.513,1.799,0.5254,1.969,0.1711,1.679,1.616,1.572,0.5883,1.5,1.668,0.3135,0.3562,1.556,0.2668,1.265,1.789,1.694,1.467,1.347,1.549,1.393,1.339,0.285,0.6145,2.022,1.695,0.2826,0.9688,1.27,1.927,2.066,1.732,1.456,1.669,1.505,1.909,1.391,1.5,1.927,1.808,2.021,1.692,1.882,2.21,0.4213,1.453,0.5114,1.776,0.8831,2.032,1.308,1.771,1.876,0.8286,0.5479,2.05,1.557,0.3071,1.347,1.732,1.115,1.121,0.5057,0.9931,1.069,1.444,1.346,1.747,1.219,1.308,1.563,0.2872,1.547,1.034,1.729,1.331,0.7369,1.842,0.962,2.056,1.87,1.326,1.514,1.93,1.679,1.325,2.081,2.421,1.621,1.936,1.514,1.473,0.2391,1.188,0.2483,1.597,0.6512,1.325,1.963,0,2.149,1.172,1.716,1.202,1.87,2.146,1.764,1.155,0.9613,2.022,2.033,1.439,1.776,2.125,1.931,0.9262,0.3617,0.2686,1.745,0.3032,2.269,2.061,1.452,2.009,0.8634,1.558,0.8233,1.188,0.7132,1.999,1.854,1.155,2.262,0.5963,1.89,2.146,1.839,1.046,1.806,0,0.4185,1.402,1.99,1.463,1.529,1.484,2.193,0.3474,1.855,1.727,0.6817,2.188,2.07,0.8406,0.4736,0.8045,1.158,1.127,1.535,1.606,0.4399,1.802,1.759,1.934,0.3024,1.492,1.978,0.1978,1.094,0.5143,1.82,1.363,0.4804,2.045,1.127,0.9446,1.07,1.595,0.914,1.645,1.876,1.951,1.833,1.349,1.862,0.645,1.592,1.444,0.3981,1.949,1.948,1.461,1.885,2.008,1.788,1.88,1.839,1.307,0.9679,2.015,1.307,1.489,1.183,1.262,1.782,1.39,0.8755,1.901,0.9922,1.854,0.4815,1.999,1.154,1.159,1.882,1.839,1.434,1.974,1.315,0.6107,0.6217,0.9577,2.558,1.901,1.698,2.082,0.5193,0.9192,1.602,0.8579,1.2,0.4209,0.5128,0.9714,1.306,1.814,1.956,1.993,0,0.5505,2.231,1.942,0.2118,2.267,1.655,1.743,1.649,1.511,1.141,0.9983,1.701,1.706,1.586,1.457,1.321,0.3496,1.89,1.922,1.699,1.538,0.6146,1.532,1.981,1.693,1.749,1.705,1.802,0.4396,1.274,1.177,1.877,1.476,1.552,0.3683,1.59,1.046,1.601,0,1.06,1.359,0.8563,1.558,1.499,0.3741,1.587,0.4641,1.699,0.493,1.084,1.756,1.37,0.5273,0.826,1.349,0.6823,1.726,0,0.9733,1.954,1.036,0.4807,1.714,0.2251,1.959,1.307,0.278,1.226,1.064,1.59,0.7867,0,0.5464,1.87,1.801,2.543,1.69,1.237,0.6892,1.059,0.556,1.905,1.725,2.001,0.504,2.023,1.035,1.126,1.697,1.683,1.94,0.6562,2.286,0.7203,2.035,2.371,0,1.95,0.779,2.229,1.655,1.29,0,1.21,1.956,1.247,1.179,1.761,1.606,0.8524,0,0.5989,2.095,1.602,1.087,1.893,1.689,1.442,0.2591,0.9981,1.706,1.912,0,0.3654,1.751
8620,1.71,0.9882,2.882,0.221,0.9701,0.4327,0.8239,1.282,3.697,0.4552,0.7645,1.038,0.4219,0.7815,1.459,0.9421,0.9309,0.9056,1.11,0.9427,0.2951,0.5535,0.6121,0.7918,1.029,0.8627,1.259,0.8142,1.446,0.7863,0.8409,0.96,0.9532,0.694,0.4614,1.057,4.256,0.3149,0.7083,0.9182,1.307,0.2664,0.4879,0.3551,0.5253,0.9564,1.487,3.334,0.731,0.3774,0.9715,0.5502,1.246,0.7048,1.2,1.064,1.119,0.7976,0.4864,0.1815,0.7422,1.006,0.2282,0,0.3485,1.203,0.4894,1.049,0.9708,1.301,0.7267,2.015,0.2614,0.721,0.8572,0.3201,1.442,0.4065,0,1.082,1.037,1.568,1.128,0.3391,0.2136,0.3589,2.466,0.6467,0.6528,0.2827,1.061,0.4131,0.5246,0.4156,2.139,0.6366,0.2913,0.5816,0.3171,0.741,0.8428,1.47,1.035,0.7701,0.3665,0.9266,1.718,2.392,0.3258,0.2681,0.6057,1.142,1.163,0.5891,1.076,3.016,0.8763,0.2699,0.6298,0.7475,0.2016,1.391,0.3259,1.079,0.5861,1.143,0.382,0.2617,1.211,0.5602,0.391,0,0.61,0.777,0.6352,1.59,0.7648,0.2644,0.9021,0.5142,1.223,1.266,0.558,0.9885,0.4955,0.5216,0.8696,0.6358,0.5893,0.755,0.4568,0.7524,0.6807,0.4324,0.6081,0.5935,0.6016,2.023,0.4088,1.126,0.9646,1.124,1.024,2.263,1.913,0.7852,1.434,0.6478,0.5182,0.6549,0.5256,0.7,0.4285,0.4113,1.27,0.7811,1.137,1.374,1.057,1.117,0.1715,0.5005,1.272,0.7324,1.91,0.989,0.4829,0.638,3.075,1.695,0.3897,0.9671,0.5488,1.146,0.6413,0.7074,0.3428,0.4105,1.084,0.2553,1.003,0.4837,0.4507,0.7051,0.3937,0.427,0.6182,1.318,0.5625,2.69,1.027,0.4142,0.3609,0.8864,0.2506,0.9469,0.6545,0.4304,1.038,1.111,0.6618,0.3538,0.9973,1.365,0.6427,0.9754,0.5493,0.5233,1.005,1.221,0.3445,0.731,0.3013,0.4723,0.9251,0,1.029,0.334,0.6868,1.336,0.9134,1.041,0.7456,1.4,0.2884,0.8997,1.641,0.5108,0.8953,1.019,0.7427,2.201,1.085,0.528,0.6356,0.741,1.144,0.9908,0.4088,0.9281,0.9231,0.6097,1.118,2.78,0.3584,0.9049,0.8166,1.221,1.257,0.348,0.852,1.131,1.211,1.65,0.686,0,0.8984,0.4073,0.8959,0.494,0.4214,1.411,1.153,0.609,0.7746,0.7179,0.3632,1.899,1.058,0.232,1.313,0.2908,0.322,0.3368,0.5882,0.6372,1.123,0.777,0.7452,0.7204,0.8044,0.9634,0.9074,1.051,1.828,1.219,1.438,0.4344,0.3275,0.9203,0.3714,0.2948,0.3818,3.445,0.2768,0.8564,0.8356,1.035,0.7619,0.4652,0.8195,1.536,0.7413,0.4843,0.33,0.9511,1.064,0.5159,0.8503,1.227,0.7705,0.8397,2.238,1.013,0.2694,0.9537,1.332,0.5654,0.3663,0.517,0.9306,1.299,0.3082,1.137,0.2905,0.8107,0.5275,0.911,1.339,0.3275,3.473,0.8388,1.373,0.9029,0.5028,2.091,1.527,0.2433,1.263,0.8803,0.6692,1.273,0.2264,2.18,2.125,0.2242,0.3767,0.8386,0.4195,0.5698,1.717,0.7926,1.277,0.8472,0,1.064,0.9505,1.063,0.7594,1.297,0.6327,0.7326,0.5761,0.5622,0.3429,0.2521,0.7549,0.7026,0.5402,0.4591,0.5728,0.9081,1.701,0.8615,0.6676,0.5845,0.3391,0.5026,1.15,0.6639,0.7683,0.6725,0.7326,1.442,0.4388,1.404,0.8343,1.202,2.39,0.7076,1.029,0.3225,0.6018,0,0.3144,0.46,0.2494,0.8833,1.65,0.7159,0.6254,0.4646,0.6675,1.239,0.3465,0.7394,1.254,0.7278,1.194,0.4044,0.2052,0.7358,0,0.3411,0.891,1.586,0.5923,0.8223,0.3712,0.8978,0.4149,1.094,0.398,0.4649,0.5585,1.739,0,0.4944,0.8067,1.302,1.79,0.6555,1.152,0.2259,0.3307,0.2962,0.8469,0.8186,0.9374,1.112,0.8828,0.3426,0.3304,2.407,1.093,0.8899,0.1932,1.153,1.794,0.9619,2.728,0,1.235,1.718,1.133,1.679,0.4037,0,0.4796,1.175,0.3418,0.389,0.9508,0.6284,2.418,0,0.317,1.014,0.5813,0.5552,0.8402,0.9428,1.392,1.173,0.4309,1.019,0.8019,0,1.129,3.372
8633,1.71,0.9882,2.882,0.221,0.9701,0.4327,0.8239,1.282,3.697,0.4552,0.7645,1.038,0.4219,0.7815,1.459,0.9421,0.9309,0.9056,1.11,0.9427,0.2951,0.5535,0.6121,0.7918,1.029,0.8627,1.259,0.8142,1.446,0.7863,0.8409,0.96,0.9532,0.694,0.4614,1.057,4.256,0.3149,0.7083,0.9182,1.307,0.2664,0.4879,0.3551,0.5253,0.9564,1.487,3.334,0.731,0.3774,0.9715,0.5502,1.246,0.7048,1.2,1.064,1.119,0.7976,0.4864,0.1815,0.7422,1.006,0.2282,0,0.3485,1.203,0.4894,1.049,0.9708,1.301,0.7267,2.015,0.2614,0.721,0.8572,0.3201,1.442,0.4065,0,1.082,1.037,1.568,1.128,0.3391,0.2136,0.3589,2.466,0.6467,0.6528,0.2827,1.061,0.4131,0.5246,0.4156,2.139,0.6366,0.2913,0.5816,0.3171,0.741,0.8428,1.47,1.035,0.7701,0.3665,0.9266,1.718,2.392,0.3258,0.2681,0.6057,1.142,1.163,0.5891,1.076,3.016,0.8763,0.2699,0.6298,0.7475,0.2016,1.391,0.3259,1.079,0.5861,1.143,0.382,0.2617,1.211,0.5602,0.391,0,0.61,0.777,0.6352,1.59,0.7648,0.2644,0.9021,0.5142,1.223,1.266,0.558,0.9885,0.4955,0.5216,0.8696,0.6358,0.5893,0.755,0.4568,0.7524,0.6807,0.4324,0.6081,0.5935,0.6016,2.023,0.4088,1.126,0.9646,1.124,1.024,2.263,1.913,0.7852,1.434,0.6478,0.5182,0.6549,0.5256,0.7,0.4285,0.4113,1.27,0.7811,1.137,1.374,1.057,1.117,0.1715,0.5005,1.272,0.7324,1.91,0.989,0.4829,0.638,3.075,1.695,0.3897,0.9671,0.5488,1.146,0.6413,0.7074,0.3428,0.4105,1.084,0.2553,1.003,0.4837,0.4507,0.7051,0.3937,0.427,0.6182,1.318,0.5625,2.69,1.027,0.4142,0.3609,0.8864,0.2506,0.9469,0.6545,0.4304,1.038,1.111,0.6618,0.3538,0.9973,1.365,0.6427,0.9754,0.5493,0.5233,1.005,1.221,0.3445,0.731,0.3013,0.4723,0.9251,0,1.029,0.334,0.6868,1.336,0.9134,1.041,0.7456,1.4,0.2884,0.8997,1.641,0.5108,0.8953,1.019,0.7427,2.201,1.085,0.528,0.6356,0.741,1.144,0.9908,0.4088,0.9281,0.9231,0.6097,1.118,2.78,0.3584,0.9049,0.8166,1.221,1.257,0.348,0.852,1.131,1.211,1.65,0.686,0,0.8984,0.4073,0.8959,0.494,0.4214,1.411,1.153,0.609,0.7746,0.7179,0.3632,1.899,1.058,0.232,1.313,0.2908,0.322,0.3368,0.5882,0.6372,1.123,0.777,0.7452,0.7204,0.8044,0.9634,0.9074,1.051,1.828,1.219,1.438,0.4344,0.3275,0.9203,0.3714,0.2948,0.3818,3.445,0.2768,0.8564,0.8356,1.035,0.7619,0.4652,0.8195,1.536,0.7413,0.4843,0.33,0.9511,1.064,0.5159,0.8503,1.227,0.7705,0.8397,2.238,1.013,0.2694,0.9537,1.332,0.5654,0.3663,0.517,0.9306,1.299,0.3082,1.137,0.2905,0.8107,0.5275,0.911,1.339,0.3275,3.473,0.8388,1.373,0.9029,0.5028,2.091,1.527,0.2433,1.263,0.8803,0.6692,1.273,0.2264,2.18,2.125,0.2242,0.3767,0.8386,0.4195,0.5698,1.717,0.7926,1.277,0.8472,0,1.064,0.9505,1.063,0.7594,1.297,0.6327,0.7326,0.5761,0.5622,0.3429,0.2521,0.7549,0.7026,0.5402,0.4591,0.5728,0.9081,1.701,0.8615,0.6676,0.5845,0.3391,0.5026,1.15,0.6639,0.7683,0.6725,0.7326,1.442,0.4388,1.404,0.8343,1.202,2.39,0.7076,1.029,0.3225,0.6018,0,0.3144,0.46,0.2494,0.8833,1.65,0.7159,0.6254,0.4646,0.6675,1.239,0.3465,0.7394,1.254,0.7278,1.194,0.4044,0.2052,0.7358,0,0.3411,0.891,1.586,0.5923,0.8223,0.3712,0.8978,0.4149,1.094,0.398,0.4649,0.5585,1.739,0,0.4944,0.8067,1.302,1.79,0.6555,1.152,0.2259,0.3307,0.2962,0.8469,0.8186,0.9374,1.112,0.8828,0.3426,0.3304,2.407,1.093,0.8899,0.1932,1.153,1.794,0.9619,2.728,0,1.235,1.718,1.133,1.679,0.4037,0,0.4796,1.175,0.3418,0.389,0.9508,0.6284,2.418,0,0.317,1.014,0.5813,0.5552,0.8402,0.9428,1.392,1.173,0.4309,1.019,0.8019,0,1.129,3.372
8639,0.4932,0.8387,1.89,0.0429,0.1566,0.1168,0.391,0.5862,3.008,0.0185,0.1732,0.5202,0.2656,0.2982,0.8429,0.2455,0.1161,0.1434,0.2047,0.735,0.1259,0.1424,0.1244,0.115,0.7495,0.444,0.5245,0.317,1.021,0.0592,0.1383,0.5179,0.4217,0.0794,0.2078,0.5297,3.287,0.0703,0.1188,0.1124,1.107,0.2197,0.3396,0.2563,0.3044,0.313,0.7723,2.995,0.3977,0.216,0.0998,0.0806,0.1346,0.0882,0.0731,0.7026,0.5534,0.4203,0.0474,0.1666,0.1149,0.5136,0.1357,0,0.0396,0.4144,0.0857,0.1329,0.4834,1.012,0.1314,1.097,0.1136,0.0817,0.4398,0.2529,1.24,0.0442,0,0.451,0.5124,1.15,0.9634,0.1712,0.1868,0.0211,2.179,0.1187,0.1039,0.1398,0.1912,0.0999,0.0991,0.0522,1.645,0.0539,0.1183,0.1896,0.1854,0.1015,0.4315,1.042,0.3115,0.2571,0.2705,0.1111,0.4003,1.343,0.0515,0.0811,0.0351,0.6933,0.5906,0.1039,0.4962,2.536,0.3968,0.1688,0.052,0.2061,0.179,0.6984,0.0345,0.1243,0.0518,0.0872,0.0499,0.2193,0.624,0.083,0.2972,0,0.3437,0.3716,0.0397,0.7185,0.0614,0.2252,0.119,0.2758,0.8164,0.9016,0.1267,0.3995,0.0847,0.1657,0.4149,0.3517,0.0399,0.413,0.058,0.0542,0.0555,0.1809,0.2956,0.0547,0.2716,1.431,0.2584,0.5528,0.162,0.6637,0.6355,1.864,1.464,0.026,0.7726,0.0177,0.2579,0.0432,0.0702,0.2531,0.0092,0.1699,0.7157,0.1075,0.5139,0.9176,0.5139,0.1472,0.1581,0.0536,0.6473,0.1431,1.83,0.2138,0.3353,0.0903,2.521,1.378,0.2751,0.0912,0.1428,0.5775,0.3231,0.0742,0.1282,0.0392,0.8679,0.1177,0.7519,0.0884,0.0496,0.0466,0.0345,0.0428,0.2411,0.7581,0.0534,1.602,0.5642,0.1271,0.2636,0.3255,0.1017,0.2114,0.3307,0.0417,0.6634,0.5487,0.1219,0.1793,0.2522,0.4849,0.1071,0.4075,0.1014,0.0361,0.5264,0.9114,0.2229,0.3174,0.2404,0.3027,0.2452,0,0.2992,0.1063,0.0833,1.06,0.3389,0.3113,0.0649,1.247,0.0896,0.0665,1.021,0.1539,0.3964,0.0798,0.2128,1.944,0.5909,0.3015,0.0638,0.3612,0.1249,0.1766,0.1041,0.0746,0.4482,0.1852,0.9443,2.125,0.2727,0.1999,0.1562,0.943,0.5329,0.2719,0.2066,0.4381,0.6892,1.427,0.062,0,0.4341,0.2449,0.0599,0.0183,0.1306,0.9844,0.4247,0.3278,0.0379,0.1127,0.2754,1.235,0.4017,0.1536,0.6312,0.2302,0.0841,0.1778,0.1386,0.079,0.5628,0.1561,0.1674,0.2598,0.3874,0.5881,0.1035,0.6445,1.407,1.028,0.9416,0.0505,0.2447,0.0478,0.1596,0.2086,0.2391,2.426,0.1481,0.45,0.1324,0.451,0.0377,0.0184,0.0704,1.044,0.3313,0.0177,0.2408,0.3505,0.4777,0.045,0.188,0.615,0.1948,0.1155,1.621,0.7343,0.1546,0.1291,1.104,0.0763,0.0634,0.3018,0.4365,0.9894,0.2371,0.5842,0.1703,0.1193,0.3175,0.2237,1.031,0.0263,3.206,0.2839,0.9812,0.0791,0.2864,1.31,1.022,0.1261,0.1702,0.2397,0.0801,0.6408,0.1977,1.846,1.81,0.1576,0.1225,0.4032,0.2913,0.3192,1.432,0.2065,0.7032,0.0329,0,0.4987,0.2108,0.4814,0.4455,0.5492,0.1189,0.1643,0.0544,0.0341,0.2377,0.1234,0.269,0.1074,0.2673,0.01,0.268,0.7121,1.054,0.1017,0.1225,0.1555,0.2675,0.0699,0.5533,0.1024,0.2641,0.0491,0.0626,0.7694,0.0633,1.157,0.1252,0.8509,1.95,0.3736,0.6212,0.2243,0.0378,0,0.1746,0.0566,0.155,0.4922,1.31,0.3852,0.0799,0.2967,0.0843,0.925,0.0138,0.1393,0.9179,0.3334,0.9768,0.0659,0.1493,0.2015,0,0.037,0.081,1.352,0.3442,0.3644,0.2297,0.0837,0.0305,0.5797,0.0815,0.3128,0.0736,1.44,0,0.3172,0.0894,0.8183,0.8921,0.088,0.8082,0.1931,0.1235,0.2373,0.065,0.3386,0.2838,0.5582,0.039,0.0764,0.1428,2.045,0.6686,0.2181,0.0938,0.3009,0.8687,0.1342,1.928,0,0.6671,1.26,0.1202,1.305,0.1707,0,0.3142,0.5997,0.2278,0.0457,0.4833,0.1193,1.455,0,0.2469,0.2772,0.0559,0.3107,0.0673,0.5391,1.082,0.8901,0.3121,0.589,0.0683,0,0.6565,2.532
